mine_id,mine_name,mine_type,latitude,longitude,year_month,planned_output_tonnes,actual_output_tonnes,shortfall_tonnes,shortfall_pct,rainfall_mm,soil_moisture_pct,land_temperature_c,ore_grade_pct,data_provenance
MINE_01,Balaghat (Bharveli),Underground,21.8464,80.2281,2022-01,27500.0,27579.3,-79.3,-0.29,13.6,37.1,23.7,41.0,ECMWF ERA5-Land Reanalysis (Open-Meteo) + IBM Capacity Quotas
MINE_01,Balaghat (Bharveli),Underground,21.8464,80.2281,2022-02,27500.0,27084.9,415.1,1.51,4.7,23.3,28.4,41.16,ECMWF ERA5-Land Reanalysis (Open-Meteo) + IBM Capacity Quotas
MINE_01,Balaghat (Bharveli),Underground,21.8464,80.2281,2022-03,27500.0,26972.1,527.9,1.92,0.4,20.7,35.8,41.28,ECMWF ERA5-Land Reanalysis (Open-Meteo) + IBM Capacity Quotas
MINE_01,Balaghat (Bharveli),Underground,21.8464,80.2281,2022-04,25000.0,24858.8,141.2,0.56,0.0,20.1,40.8,41.31,ECMWF ERA5-Land Reanalysis (Open-Meteo) + IBM Capacity Quotas
MINE_01,Balaghat (Bharveli),Underground,21.8464,80.2281,2022-05,25000.0,25327.3,-327.3,-1.31,7.8,20.4,41.1,41.25,ECMWF ERA5-Land Reanalysis (Open-Meteo) + IBM Capacity Quotas
MINE_01,Balaghat (Bharveli),Underground,21.8464,80.2281,2022-06,25000.0,25323.6,-323.6,-1.29,183.6,34.0,36.5,41.09,ECMWF ERA5-Land Reanalysis (Open-Meteo) + IBM Capacity Quotas
MINE_01,Balaghat (Bharveli),Underground,21.8464,80.2281,2022-07,22500.0,20181.7,2318.3,10.3,602.1,50.2,29.8,40.88,ECMWF ERA5-Land Reanalysis (Open-Meteo) + IBM Capacity Quotas
MINE_01,Balaghat (Bharveli),Underground,21.8464,80.2281,2022-08,22500.0,20265.3,2234.7,9.93,497.3,48.8,29.7,40.66,ECMWF ERA5-Land Reanalysis (Open-Meteo) + IBM Capacity Quotas
MINE_01,Balaghat (Bharveli),Underground,21.8464,80.2281,2022-09,25000.0,23250.0,1750.0,7.0,305.1,47.4,29.9,40.46,ECMWF ERA5-Land Reanalysis (Open-Meteo) + IBM Capacity Quotas
MINE_01,Balaghat (Bharveli),Underground,21.8464,80.2281,2022-10,25000.0,24235.8,764.2,3.06,139.2,41.3,29.5,40.35,ECMWF ERA5-Land Reanalysis (Open-Meteo) + IBM Capacity Quotas
MINE_01,Balaghat (Bharveli),Underground,21.8464,80.2281,2022-11,25000.0,25208.7,-208.7,-0.83,0.0,22.6,28.7,40.32,ECMWF ERA5-Land Reanalysis (Open-Meteo) + IBM Capacity Quotas
MINE_01,Balaghat (Bharveli),Underground,21.8464,80.2281,2022-12,25000.0,25495.1,-495.1,-1.98,4.6,22.1,28.7,40.4,ECMWF ERA5-Land Reanalysis (Open-Meteo) + IBM Capacity Quotas
MINE_01,Balaghat (Bharveli),Underground,21.8464,80.2281,2023-01,27500.0,27859.0,-359.0,-1.31,1.5,21.7,27.7,40.54,ECMWF ERA5-Land Reanalysis (Open-Meteo) + IBM Capacity Quotas
MINE_01,Balaghat (Bharveli),Underground,21.8464,80.2281,2023-02,27500.0,27343.3,156.7,0.57,0.0,21.1,31.8,40.71,ECMWF ERA5-Land Reanalysis (Open-Meteo) + IBM Capacity Quotas
MINE_01,Balaghat (Bharveli),Underground,21.8464,80.2281,2023-03,27500.0,26971.7,528.3,1.92,18.1,23.9,33.3,40.85,ECMWF ERA5-Land Reanalysis (Open-Meteo) + IBM Capacity Quotas
MINE_01,Balaghat (Bharveli),Underground,21.8464,80.2281,2023-04,25000.0,24623.5,376.5,1.51,49.5,25.5,35.7,40.94,ECMWF ERA5-Land Reanalysis (Open-Meteo) + IBM Capacity Quotas
MINE_01,Balaghat (Bharveli),Underground,21.8464,80.2281,2023-05,25000.0,25073.4,-73.4,-0.29,25.8,28.2,37.6,40.93,ECMWF ERA5-Land Reanalysis (Open-Meteo) + IBM Capacity Quotas
MINE_01,Balaghat (Bharveli),Underground,21.8464,80.2281,2023-06,25000.0,24771.6,228.4,0.91,284.4,28.5,37.5,40.82,ECMWF ERA5-Land Reanalysis (Open-Meteo) + IBM Capacity Quotas
MINE_01,Balaghat (Bharveli),Underground,21.8464,80.2281,2023-07,22500.0,20615.6,1884.4,8.38,544.3,49.6,31.0,40.64,ECMWF ERA5-Land Reanalysis (Open-Meteo) + IBM Capacity Quotas
MINE_01,Balaghat (Bharveli),Underground,21.8464,80.2281,2023-08,22500.0,21031.5,1468.5,6.53,375.8,46.5,31.1,40.42,ECMWF ERA5-Land Reanalysis (Open-Meteo) + IBM Capacity Quotas
MINE_01,Balaghat (Bharveli),Underground,21.8464,80.2281,2023-09,25000.0,23188.6,1811.4,7.25,332.6,46.6,30.8,40.2,ECMWF ERA5-Land Reanalysis (Open-Meteo) + IBM Capacity Quotas
MINE_01,Balaghat (Bharveli),Underground,21.8464,80.2281,2023-10,25000.0,24546.5,453.5,1.81,1.2,30.7,32.4,40.04,ECMWF ERA5-Land Reanalysis (Open-Meteo) + IBM Capacity Quotas
MINE_01,Balaghat (Bharveli),Underground,21.8464,80.2281,2023-11,25000.0,24932.3,67.7,0.27,21.9,29.5,29.6,39.96,ECMWF ERA5-Land Reanalysis (Open-Meteo) + IBM Capacity Quotas
MINE_01,Balaghat (Bharveli),Underground,21.8464,80.2281,2023-12,25000.0,25380.3,-380.3,-1.52,16.2,32.2,26.7,39.98,ECMWF ERA5-Land Reanalysis (Open-Meteo) + IBM Capacity Quotas
MINE_01,Balaghat (Bharveli),Underground,21.8464,80.2281,2024-01,27500.0,28026.5,-526.5,-1.91,21.2,31.3,27.1,40.09,ECMWF ERA5-Land Reanalysis (Open-Meteo) + IBM Capacity Quotas
MINE_01,Balaghat (Bharveli),Underground,21.8464,80.2281,2024-02,27500.0,27650.7,-150.7,-0.55,37.5,30.2,30.1,40.24,ECMWF ERA5-Land Reanalysis (Open-Meteo) + IBM Capacity Quotas
MINE_01,Balaghat (Bharveli),Underground,21.8464,80.2281,2024-03,27500.0,27136.3,363.7,1.32,39.2,29.3,34.7,40.41,ECMWF ERA5-Land Reanalysis (Open-Meteo) + IBM Capacity Quotas
MINE_01,Balaghat (Bharveli),Underground,21.8464,80.2281,2024-04,25000.0,24505.7,494.3,1.98,49.8,29.8,37.2,40.53,ECMWF ERA5-Land Reanalysis (Open-Meteo) + IBM Capacity Quotas
MINE_01,Balaghat (Bharveli),Underground,21.8464,80.2281,2024-05,25000.0,24796.5,203.5,0.81,46.3,26.0,39.1,40.58,ECMWF ERA5-Land Reanalysis (Open-Meteo) + IBM Capacity Quotas
MINE_01,Balaghat (Bharveli),Underground,21.8464,80.2281,2024-06,25000.0,24891.7,108.3,0.43,225.7,37.1,36.0,40.53,ECMWF ERA5-Land Reanalysis (Open-Meteo) + IBM Capacity Quotas
MINE_01,Balaghat (Bharveli),Underground,21.8464,80.2281,2024-07,22500.0,20085.4,2414.6,10.73,674.1,50.2,30.3,40.39,ECMWF ERA5-Land Reanalysis (Open-Meteo) + IBM Capacity Quotas
MINE_01,Balaghat (Bharveli),Underground,21.8464,80.2281,2024-08,22500.0,20759.6,1740.4,7.74,485.3,49.7,29.2,40.18,ECMWF ERA5-Land Reanalysis (Open-Meteo) + IBM Capacity Quotas
MINE_01,Balaghat (Bharveli),Underground,21.8464,80.2281,2024-09,25000.0,23260.9,1739.1,6.96,357.9,48.0,30.2,39.95,ECMWF ERA5-Land Reanalysis (Open-Meteo) + IBM Capacity Quotas
MINE_01,Balaghat (Bharveli),Underground,21.8464,80.2281,2024-10,25000.0,24504.3,495.7,1.98,37.5,33.3,31.8,39.75,ECMWF ERA5-Land Reanalysis (Open-Meteo) + IBM Capacity Quotas
MINE_01,Balaghat (Bharveli),Underground,21.8464,80.2281,2024-11,25000.0,24677.0,323.0,1.29,0.0,23.9,29.2,39.62,ECMWF ERA5-Land Reanalysis (Open-Meteo) + IBM Capacity Quotas
MINE_01,Balaghat (Bharveli),Underground,21.8464,80.2281,2024-12,25000.0,25146.7,-146.7,-0.59,4.7,25.2,27.3,39.59,ECMWF ERA5-Land Reanalysis (Open-Meteo) + IBM Capacity Quotas
MINE_02,Dongri Buzurg,Opencast,21.5478,79.7431,2022-01,24200.0,24237.7,-37.7,-0.16,18.9,38.5,24.4,35.0,ECMWF ERA5-Land Reanalysis (Open-Meteo) + IBM Capacity Quotas
MINE_02,Dongri Buzurg,Opencast,21.5478,79.7431,2022-02,24200.0,23944.3,255.7,1.06,3.5,28.0,29.0,35.16,ECMWF ERA5-Land Reanalysis (Open-Meteo) + IBM Capacity Quotas
MINE_02,Dongri Buzurg,Opencast,21.5478,79.7431,2022-03,24200.0,23716.0,484.0,2.0,0.0,25.6,36.4,35.28,ECMWF ERA5-Land Reanalysis (Open-Meteo) + IBM Capacity Quotas
MINE_02,Dongri Buzurg,Opencast,21.5478,79.7431,2022-04,22000.0,21757.1,242.9,1.1,0.1,25.1,41.3,35.31,ECMWF ERA5-Land Reanalysis (Open-Meteo) + IBM Capacity Quotas
MINE_02,Dongri Buzurg,Opencast,21.5478,79.7431,2022-05,22000.0,22177.4,-177.4,-0.81,5.8,24.9,41.3,35.25,ECMWF ERA5-Land Reanalysis (Open-Meteo) + IBM Capacity Quotas
MINE_02,Dongri Buzurg,Opencast,21.5478,79.7431,2022-06,22000.0,20959.1,1040.9,4.73,184.1,35.5,37.2,35.09,ECMWF ERA5-Land Reanalysis (Open-Meteo) + IBM Capacity Quotas
MINE_02,Dongri Buzurg,Opencast,21.5478,79.7431,2022-07,19800.0,12037.8,7762.2,39.2,692.2,50.3,29.9,34.88,ECMWF ERA5-Land Reanalysis (Open-Meteo) + IBM Capacity Quotas
MINE_02,Dongri Buzurg,Opencast,21.5478,79.7431,2022-08,19800.0,14286.1,5513.9,27.85,476.5,48.9,30.3,34.66,ECMWF ERA5-Land Reanalysis (Open-Meteo) + IBM Capacity Quotas
MINE_02,Dongri Buzurg,Opencast,21.5478,79.7431,2022-09,22000.0,18801.7,3198.3,14.54,246.7,47.5,30.7,34.46,ECMWF ERA5-Land Reanalysis (Open-Meteo) + IBM Capacity Quotas
MINE_02,Dongri Buzurg,Opencast,21.5478,79.7431,2022-10,22000.0,20471.6,1528.4,6.95,145.6,42.1,29.9,34.35,ECMWF ERA5-Land Reanalysis (Open-Meteo) + IBM Capacity Quotas
MINE_02,Dongri Buzurg,Opencast,21.5478,79.7431,2022-11,22000.0,22057.9,-57.9,-0.26,0.0,29.1,28.8,34.32,ECMWF ERA5-Land Reanalysis (Open-Meteo) + IBM Capacity Quotas
MINE_02,Dongri Buzurg,Opencast,21.5478,79.7431,2022-12,22000.0,22398.3,-398.3,-1.81,16.2,26.9,28.8,34.4,ECMWF ERA5-Land Reanalysis (Open-Meteo) + IBM Capacity Quotas
MINE_02,Dongri Buzurg,Opencast,21.5478,79.7431,2023-01,24200.0,24609.8,-409.8,-1.69,0.2,26.3,28.0,34.54,ECMWF ERA5-Land Reanalysis (Open-Meteo) + IBM Capacity Quotas
MINE_02,Dongri Buzurg,Opencast,21.5478,79.7431,2023-02,24200.0,24204.7,-4.7,-0.02,0.0,25.3,32.2,34.71,ECMWF ERA5-Land Reanalysis (Open-Meteo) + IBM Capacity Quotas
MINE_02,Dongri Buzurg,Opencast,21.5478,79.7431,2023-03,24200.0,23795.3,404.7,1.67,22.8,26.9,33.7,34.85,ECMWF ERA5-Land Reanalysis (Open-Meteo) + IBM Capacity Quotas
MINE_02,Dongri Buzurg,Opencast,21.5478,79.7431,2023-04,22000.0,21262.2,737.8,3.35,105.0,29.7,36.2,34.94,ECMWF ERA5-Land Reanalysis (Open-Meteo) + IBM Capacity Quotas
MINE_02,Dongri Buzurg,Opencast,21.5478,79.7431,2023-05,22000.0,21933.7,66.3,0.3,44.0,33.0,37.5,34.93,ECMWF ERA5-Land Reanalysis (Open-Meteo) + IBM Capacity Quotas
MINE_02,Dongri Buzurg,Opencast,21.5478,79.7431,2023-06,22000.0,20725.4,1274.6,5.79,195.5,31.5,37.1,34.82,ECMWF ERA5-Land Reanalysis (Open-Meteo) + IBM Capacity Quotas
MINE_02,Dongri Buzurg,Opencast,21.5478,79.7431,2023-07,19800.0,12298.0,7502.0,37.89,661.7,49.3,31.2,34.64,ECMWF ERA5-Land Reanalysis (Open-Meteo) + IBM Capacity Quotas
MINE_02,Dongri Buzurg,Opencast,21.5478,79.7431,2023-08,19800.0,17035.5,2764.5,13.96,278.8,45.4,31.5,34.42,ECMWF ERA5-Land Reanalysis (Open-Meteo) + IBM Capacity Quotas
MINE_02,Dongri Buzurg,Opencast,21.5478,79.7431,2023-09,22000.0,16714.0,5286.0,24.03,412.4,46.7,31.0,34.2,ECMWF ERA5-Land Reanalysis (Open-Meteo) + IBM Capacity Quotas
MINE_02,Dongri Buzurg,Opencast,21.5478,79.7431,2023-10,22000.0,21564.1,435.9,1.98,3.5,30.7,32.7,34.04,ECMWF ERA5-Land Reanalysis (Open-Meteo) + IBM Capacity Quotas
MINE_02,Dongri Buzurg,Opencast,21.5478,79.7431,2023-11,22000.0,21814.8,185.2,0.84,20.4,27.2,30.3,33.96,ECMWF ERA5-Land Reanalysis (Open-Meteo) + IBM Capacity Quotas
MINE_02,Dongri Buzurg,Opencast,21.5478,79.7431,2023-12,22000.0,22235.8,-235.8,-1.07,15.9,31.2,27.1,33.98,ECMWF ERA5-Land Reanalysis (Open-Meteo) + IBM Capacity Quotas
MINE_02,Dongri Buzurg,Opencast,21.5478,79.7431,2024-01,24200.0,24684.0,-484.0,-2.0,20.5,29.6,27.5,34.09,ECMWF ERA5-Land Reanalysis (Open-Meteo) + IBM Capacity Quotas
MINE_02,Dongri Buzurg,Opencast,21.5478,79.7431,2024-02,24200.0,24128.8,71.2,0.29,102.0,31.0,30.4,34.24,ECMWF ERA5-Land Reanalysis (Open-Meteo) + IBM Capacity Quotas
MINE_02,Dongri Buzurg,Opencast,21.5478,79.7431,2024-03,24200.0,24000.9,199.1,0.82,40.5,31.8,34.6,34.41,ECMWF ERA5-Land Reanalysis (Open-Meteo) + IBM Capacity Quotas
MINE_02,Dongri Buzurg,Opencast,21.5478,79.7431,2024-04,22000.0,21564.7,435.3,1.98,25.8,30.5,37.9,34.53,ECMWF ERA5-Land Reanalysis (Open-Meteo) + IBM Capacity Quotas
MINE_02,Dongri Buzurg,Opencast,21.5478,79.7431,2024-05,22000.0,21710.6,289.4,1.32,21.1,26.5,39.9,34.58,ECMWF ERA5-Land Reanalysis (Open-Meteo) + IBM Capacity Quotas
MINE_02,Dongri Buzurg,Opencast,21.5478,79.7431,2024-06,22000.0,20335.2,1664.8,7.57,206.7,36.0,37.0,34.53,ECMWF ERA5-Land Reanalysis (Open-Meteo) + IBM Capacity Quotas
MINE_02,Dongri Buzurg,Opencast,21.5478,79.7431,2024-07,19800.0,12905.5,6894.5,34.82,611.3,49.9,30.8,34.39,ECMWF ERA5-Land Reanalysis (Open-Meteo) + IBM Capacity Quotas
MINE_02,Dongri Buzurg,Opencast,21.5478,79.7431,2024-08,19800.0,16119.7,3680.3,18.59,351.2,49.6,29.4,34.18,ECMWF ERA5-Land Reanalysis (Open-Meteo) + IBM Capacity Quotas
MINE_02,Dongri Buzurg,Opencast,21.5478,79.7431,2024-09,22000.0,17689.9,4310.1,19.59,354.2,46.5,30.6,33.95,ECMWF ERA5-Land Reanalysis (Open-Meteo) + IBM Capacity Quotas
MINE_02,Dongri Buzurg,Opencast,21.5478,79.7431,2024-10,22000.0,21525.7,474.3,2.16,42.4,36.7,32.2,33.75,ECMWF ERA5-Land Reanalysis (Open-Meteo) + IBM Capacity Quotas
MINE_02,Dongri Buzurg,Opencast,21.5478,79.7431,2024-11,22000.0,21629.5,370.5,1.68,0.0,29.1,29.1,33.62,ECMWF ERA5-Land Reanalysis (Open-Meteo) + IBM Capacity Quotas
MINE_02,Dongri Buzurg,Opencast,21.5478,79.7431,2024-12,22000.0,21999.6,0.4,0.0,2.5,26.7,27.8,33.59,ECMWF ERA5-Land Reanalysis (Open-Meteo) + IBM Capacity Quotas
MINE_03,Tirodi,Opencast,21.7,79.6667,2022-01,19800.0,19842.9,-42.9,-0.22,27.4,36.8,24.7,35.0,ECMWF ERA5-Land Reanalysis (Open-Meteo) + IBM Capacity Quotas
MINE_03,Tirodi,Opencast,21.7,79.6667,2022-02,19800.0,19542.2,257.8,1.3,1.5,27.6,29.3,35.16,ECMWF ERA5-Land Reanalysis (Open-Meteo) + IBM Capacity Quotas
MINE_03,Tirodi,Opencast,21.7,79.6667,2022-03,19800.0,19407.8,392.2,1.98,0.5,24.6,37.0,35.28,ECMWF ERA5-Land Reanalysis (Open-Meteo) + IBM Capacity Quotas
MINE_03,Tirodi,Opencast,21.7,79.6667,2022-04,18000.0,17849.0,151.0,0.84,0.1,22.3,41.5,35.31,ECMWF ERA5-Land Reanalysis (Open-Meteo) + IBM Capacity Quotas
MINE_03,Tirodi,Opencast,21.7,79.6667,2022-05,18000.0,18193.4,-193.4,-1.07,2.9,23.4,41.2,35.25,ECMWF ERA5-Land Reanalysis (Open-Meteo) + IBM Capacity Quotas
MINE_03,Tirodi,Opencast,21.7,79.6667,2022-06,18000.0,17434.3,565.7,3.14,156.4,36.4,36.9,35.09,ECMWF ERA5-Land Reanalysis (Open-Meteo) + IBM Capacity Quotas
MINE_03,Tirodi,Opencast,21.7,79.6667,2022-07,16200.0,9881.6,6318.4,39.0,668.1,50.3,29.9,34.88,ECMWF ERA5-Land Reanalysis (Open-Meteo) + IBM Capacity Quotas
MINE_03,Tirodi,Opencast,21.7,79.6667,2022-08,16200.0,11246.5,4953.5,30.58,518.3,48.6,30.2,34.66,ECMWF ERA5-Land Reanalysis (Open-Meteo) + IBM Capacity Quotas
MINE_03,Tirodi,Opencast,21.7,79.6667,2022-09,18000.0,15590.8,2409.2,13.38,228.6,46.9,30.6,34.46,ECMWF ERA5-Land Reanalysis (Open-Meteo) + IBM Capacity Quotas
MINE_03,Tirodi,Opencast,21.7,79.6667,2022-10,18000.0,16808.2,1191.8,6.62,146.0,41.4,29.8,34.35,ECMWF ERA5-Land Reanalysis (Open-Meteo) + IBM Capacity Quotas
MINE_03,Tirodi,Opencast,21.7,79.6667,2022-11,18000.0,18100.9,-100.9,-0.56,0.0,28.2,28.9,34.32,ECMWF ERA5-Land Reanalysis (Open-Meteo) + IBM Capacity Quotas
MINE_03,Tirodi,Opencast,21.7,79.6667,2022-12,18000.0,18345.3,-345.3,-1.92,7.0,26.4,28.7,34.4,ECMWF ERA5-Land Reanalysis (Open-Meteo) + IBM Capacity Quotas
MINE_03,Tirodi,Opencast,21.7,79.6667,2023-01,19800.0,20099.5,-299.5,-1.51,0.2,27.9,27.5,34.54,ECMWF ERA5-Land Reanalysis (Open-Meteo) + IBM Capacity Quotas
MINE_03,Tirodi,Opencast,21.7,79.6667,2023-02,19800.0,19743.8,56.2,0.28,0.0,25.7,31.9,34.71,ECMWF ERA5-Land Reanalysis (Open-Meteo) + IBM Capacity Quotas
MINE_03,Tirodi,Opencast,21.7,79.6667,2023-03,19800.0,19439.8,360.2,1.82,16.6,27.3,33.3,34.85,ECMWF ERA5-Land Reanalysis (Open-Meteo) + IBM Capacity Quotas
MINE_03,Tirodi,Opencast,21.7,79.6667,2023-04,18000.0,17679.6,320.4,1.78,81.6,30.4,35.9,34.94,ECMWF ERA5-Land Reanalysis (Open-Meteo) + IBM Capacity Quotas
MINE_03,Tirodi,Opencast,21.7,79.6667,2023-05,18000.0,18000.3,-0.3,-0.0,31.8,32.3,37.5,34.93,ECMWF ERA5-Land Reanalysis (Open-Meteo) + IBM Capacity Quotas
MINE_03,Tirodi,Opencast,21.7,79.6667,2023-06,18000.0,16672.3,1327.7,7.38,223.2,33.0,37.0,34.82,ECMWF ERA5-Land Reanalysis (Open-Meteo) + IBM Capacity Quotas
MINE_03,Tirodi,Opencast,21.7,79.6667,2023-07,16200.0,11136.6,5063.4,31.26,555.4,49.5,31.5,34.64,ECMWF ERA5-Land Reanalysis (Open-Meteo) + IBM Capacity Quotas
MINE_03,Tirodi,Opencast,21.7,79.6667,2023-08,16200.0,13882.0,2318.0,14.31,278.0,46.1,31.6,34.42,ECMWF ERA5-Land Reanalysis (Open-Meteo) + IBM Capacity Quotas
MINE_03,Tirodi,Opencast,21.7,79.6667,2023-09,18000.0,13878.3,4121.7,22.9,391.7,46.6,31.2,34.2,ECMWF ERA5-Land Reanalysis (Open-Meteo) + IBM Capacity Quotas
MINE_03,Tirodi,Opencast,21.7,79.6667,2023-10,18000.0,17654.9,345.1,1.92,3.8,31.4,32.7,34.04,ECMWF ERA5-Land Reanalysis (Open-Meteo) + IBM Capacity Quotas
MINE_03,Tirodi,Opencast,21.7,79.6667,2023-11,18000.0,17899.7,100.3,0.56,47.2,27.8,30.2,33.96,ECMWF ERA5-Land Reanalysis (Open-Meteo) + IBM Capacity Quotas
MINE_03,Tirodi,Opencast,21.7,79.6667,2023-12,18000.0,18236.8,-236.8,-1.32,11.2,30.6,27.6,33.98,ECMWF ERA5-Land Reanalysis (Open-Meteo) + IBM Capacity Quotas
MINE_03,Tirodi,Opencast,21.7,79.6667,2024-01,19800.0,20191.7,-391.7,-1.98,24.1,30.2,27.9,34.09,ECMWF ERA5-Land Reanalysis (Open-Meteo) + IBM Capacity Quotas
MINE_03,Tirodi,Opencast,21.7,79.6667,2024-02,19800.0,19962.9,-162.9,-0.82,36.1,29.4,30.8,34.24,ECMWF ERA5-Land Reanalysis (Open-Meteo) + IBM Capacity Quotas
MINE_03,Tirodi,Opencast,21.7,79.6667,2024-03,19800.0,19584.3,215.7,1.09,25.8,30.0,35.1,34.41,ECMWF ERA5-Land Reanalysis (Open-Meteo) + IBM Capacity Quotas
MINE_03,Tirodi,Opencast,21.7,79.6667,2024-04,18000.0,17640.0,360.0,2.0,51.6,31.0,38.1,34.53,ECMWF ERA5-Land Reanalysis (Open-Meteo) + IBM Capacity Quotas
MINE_03,Tirodi,Opencast,21.7,79.6667,2024-05,18000.0,17807.1,192.9,1.07,15.1,28.2,39.4,34.58,ECMWF ERA5-Land Reanalysis (Open-Meteo) + IBM Capacity Quotas
MINE_03,Tirodi,Opencast,21.7,79.6667,2024-06,18000.0,16772.7,1227.3,6.82,183.0,40.9,36.3,34.53,ECMWF ERA5-Land Reanalysis (Open-Meteo) + IBM Capacity Quotas
MINE_03,Tirodi,Opencast,21.7,79.6667,2024-07,16200.0,11254.2,4945.8,30.53,544.0,50.0,30.9,34.39,ECMWF ERA5-Land Reanalysis (Open-Meteo) + IBM Capacity Quotas
MINE_03,Tirodi,Opencast,21.7,79.6667,2024-08,16200.0,12664.6,3535.4,21.82,400.2,49.5,29.8,34.18,ECMWF ERA5-Land Reanalysis (Open-Meteo) + IBM Capacity Quotas
MINE_03,Tirodi,Opencast,21.7,79.6667,2024-09,18000.0,14036.8,3963.2,22.02,386.6,47.4,30.8,33.95,ECMWF ERA5-Land Reanalysis (Open-Meteo) + IBM Capacity Quotas
MINE_03,Tirodi,Opencast,21.7,79.6667,2024-10,18000.0,17570.3,429.7,2.39,26.6,37.4,32.2,33.75,ECMWF ERA5-Land Reanalysis (Open-Meteo) + IBM Capacity Quotas
MINE_03,Tirodi,Opencast,21.7,79.6667,2024-11,18000.0,17729.9,270.1,1.5,0.0,26.5,29.6,33.62,ECMWF ERA5-Land Reanalysis (Open-Meteo) + IBM Capacity Quotas
MINE_03,Tirodi,Opencast,21.7,79.6667,2024-12,18000.0,18054.3,-54.3,-0.3,6.9,24.3,28.2,33.59,ECMWF ERA5-Land Reanalysis (Open-Meteo) + IBM Capacity Quotas
MINE_04,Chikla,Underground,21.5342,79.7461,2022-01,17600.0,17755.3,-155.3,-0.88,18.9,38.5,24.4,38.0,ECMWF ERA5-Land Reanalysis (Open-Meteo) + IBM Capacity Quotas
MINE_04,Chikla,Underground,21.5342,79.7461,2022-02,17600.0,17418.1,181.9,1.03,3.5,28.0,29.0,38.16,ECMWF ERA5-Land Reanalysis (Open-Meteo) + IBM Capacity Quotas
MINE_04,Chikla,Underground,21.5342,79.7461,2022-03,17600.0,17248.1,351.9,2.0,0.0,25.6,36.4,38.28,ECMWF ERA5-Land Reanalysis (Open-Meteo) + IBM Capacity Quotas
MINE_04,Chikla,Underground,21.5342,79.7461,2022-04,16000.0,15819.7,180.3,1.13,0.1,25.1,41.3,38.31,ECMWF ERA5-Land Reanalysis (Open-Meteo) + IBM Capacity Quotas
MINE_04,Chikla,Underground,21.5342,79.7461,2022-05,16000.0,16125.0,-125.0,-0.78,5.8,24.9,41.3,38.25,ECMWF ERA5-Land Reanalysis (Open-Meteo) + IBM Capacity Quotas
MINE_04,Chikla,Underground,21.5342,79.7461,2022-06,16000.0,16204.2,-204.2,-1.28,184.1,35.5,37.2,38.09,ECMWF ERA5-Land Reanalysis (Open-Meteo) + IBM Capacity Quotas
MINE_04,Chikla,Underground,21.5342,79.7461,2022-07,14400.0,12719.7,1680.3,11.67,692.2,50.3,29.9,37.88,ECMWF ERA5-Land Reanalysis (Open-Meteo) + IBM Capacity Quotas
MINE_04,Chikla,Underground,21.5342,79.7461,2022-08,14400.0,13104.0,1296.0,9.0,476.5,48.9,30.3,37.66,ECMWF ERA5-Land Reanalysis (Open-Meteo) + IBM Capacity Quotas
MINE_04,Chikla,Underground,21.5342,79.7461,2022-09,16000.0,15077.9,922.1,5.76,246.7,47.5,30.7,37.46,ECMWF ERA5-Land Reanalysis (Open-Meteo) + IBM Capacity Quotas
MINE_04,Chikla,Underground,21.5342,79.7461,2022-10,16000.0,15438.0,562.0,3.51,145.6,42.1,29.9,37.35,ECMWF ERA5-Land Reanalysis (Open-Meteo) + IBM Capacity Quotas
MINE_04,Chikla,Underground,21.5342,79.7461,2022-11,16000.0,16037.8,-37.8,-0.24,0.0,29.1,28.8,37.32,ECMWF ERA5-Land Reanalysis (Open-Meteo) + IBM Capacity Quotas
MINE_04,Chikla,Underground,21.5342,79.7461,2022-12,16000.0,16287.8,-287.8,-1.8,16.2,26.9,28.8,37.4,ECMWF ERA5-Land Reanalysis (Open-Meteo) + IBM Capacity Quotas
MINE_04,Chikla,Underground,21.5342,79.7461,2023-01,17600.0,17900.6,-300.6,-1.71,0.2,26.3,28.0,37.54,ECMWF ERA5-Land Reanalysis (Open-Meteo) + IBM Capacity Quotas
MINE_04,Chikla,Underground,21.5342,79.7461,2023-02,17600.0,17608.2,-8.2,-0.05,0.0,25.3,32.2,37.71,ECMWF ERA5-Land Reanalysis (Open-Meteo) + IBM Capacity Quotas
MINE_04,Chikla,Underground,21.5342,79.7461,2023-03,17600.0,17308.3,291.7,1.66,22.8,26.9,33.7,37.85,ECMWF ERA5-Land Reanalysis (Open-Meteo) + IBM Capacity Quotas
MINE_04,Chikla,Underground,21.5342,79.7461,2023-04,16000.0,15706.0,294.0,1.84,105.0,29.7,36.2,37.94,ECMWF ERA5-Land Reanalysis (Open-Meteo) + IBM Capacity Quotas
MINE_04,Chikla,Underground,21.5342,79.7461,2023-05,16000.0,15947.5,52.5,0.33,44.0,33.0,37.5,37.93,ECMWF ERA5-Land Reanalysis (Open-Meteo) + IBM Capacity Quotas
MINE_04,Chikla,Underground,21.5342,79.7461,2023-06,16000.0,16089.5,-89.5,-0.56,195.5,31.5,37.1,37.82,ECMWF ERA5-Land Reanalysis (Open-Meteo) + IBM Capacity Quotas
MINE_04,Chikla,Underground,21.5342,79.7461,2023-07,14400.0,12882.3,1517.7,10.54,661.7,49.3,31.2,37.64,ECMWF ERA5-Land Reanalysis (Open-Meteo) + IBM Capacity Quotas
MINE_04,Chikla,Underground,21.5342,79.7461,2023-08,14400.0,13824.0,576.0,4.0,278.8,45.4,31.5,37.42,ECMWF ERA5-Land Reanalysis (Open-Meteo) + IBM Capacity Quotas
MINE_04,Chikla,Underground,21.5342,79.7461,2023-09,16000.0,14650.6,1349.4,8.43,412.4,46.7,31.0,37.2,ECMWF ERA5-Land Reanalysis (Open-Meteo) + IBM Capacity Quotas
MINE_04,Chikla,Underground,21.5342,79.7461,2023-10,16000.0,15682.4,317.6,1.99,3.5,30.7,32.7,37.04,ECMWF ERA5-Land Reanalysis (Open-Meteo) + IBM Capacity Quotas
MINE_04,Chikla,Underground,21.5342,79.7461,2023-11,16000.0,15861.4,138.6,0.87,20.4,27.2,30.3,36.96,ECMWF ERA5-Land Reanalysis (Open-Meteo) + IBM Capacity Quotas
MINE_04,Chikla,Underground,21.5342,79.7461,2023-12,16000.0,16167.8,-167.8,-1.05,15.9,31.2,27.1,36.98,ECMWF ERA5-Land Reanalysis (Open-Meteo) + IBM Capacity Quotas
MINE_04,Chikla,Underground,21.5342,79.7461,2024-01,17600.0,17951.9,-351.9,-2.0,20.5,29.6,27.5,37.09,ECMWF ERA5-Land Reanalysis (Open-Meteo) + IBM Capacity Quotas
MINE_04,Chikla,Underground,21.5342,79.7461,2024-02,17600.0,17795.7,-195.7,-1.11,102.0,31.0,30.4,37.24,ECMWF ERA5-Land Reanalysis (Open-Meteo) + IBM Capacity Quotas
MINE_04,Chikla,Underground,21.5342,79.7461,2024-03,17600.0,17459.6,140.4,0.8,40.5,31.8,34.6,37.41,ECMWF ERA5-Land Reanalysis (Open-Meteo) + IBM Capacity Quotas
MINE_04,Chikla,Underground,21.5342,79.7461,2024-04,16000.0,15684.1,315.9,1.97,25.8,30.5,37.9,37.53,ECMWF ERA5-Land Reanalysis (Open-Meteo) + IBM Capacity Quotas
MINE_04,Chikla,Underground,21.5342,79.7461,2024-05,16000.0,15786.3,213.7,1.34,21.1,26.5,39.9,37.58,ECMWF ERA5-Land Reanalysis (Open-Meteo) + IBM Capacity Quotas
MINE_04,Chikla,Underground,21.5342,79.7461,2024-06,16000.0,15902.6,97.4,0.61,206.7,36.0,37.0,37.53,ECMWF ERA5-Land Reanalysis (Open-Meteo) + IBM Capacity Quotas
MINE_04,Chikla,Underground,21.5342,79.7461,2024-07,14400.0,13027.5,1372.5,9.53,611.3,49.9,30.8,37.39,ECMWF ERA5-Land Reanalysis (Open-Meteo) + IBM Capacity Quotas
MINE_04,Chikla,Underground,21.5342,79.7461,2024-08,14400.0,13739.9,660.1,4.58,351.2,49.6,29.4,37.18,ECMWF ERA5-Land Reanalysis (Open-Meteo) + IBM Capacity Quotas
MINE_04,Chikla,Underground,21.5342,79.7461,2024-09,16000.0,14988.5,1011.5,6.32,354.2,46.5,30.6,36.95,ECMWF ERA5-Land Reanalysis (Open-Meteo) + IBM Capacity Quotas
MINE_04,Chikla,Underground,21.5342,79.7461,2024-10,16000.0,15711.0,289.0,1.81,42.4,36.7,32.2,36.75,ECMWF ERA5-Land Reanalysis (Open-Meteo) + IBM Capacity Quotas
MINE_04,Chikla,Underground,21.5342,79.7461,2024-11,16000.0,15728.3,271.7,1.7,0.0,29.1,29.1,36.62,ECMWF ERA5-Land Reanalysis (Open-Meteo) + IBM Capacity Quotas
MINE_04,Chikla,Underground,21.5342,79.7461,2024-12,16000.0,15995.4,4.6,0.03,2.5,26.7,27.8,36.59,ECMWF ERA5-Land Reanalysis (Open-Meteo) + IBM Capacity Quotas
MINE_05,Kandri,Underground,21.4106,79.2656,2022-01,16500.0,16681.0,-181.0,-1.1,44.7,32.4,24.8,38.0,ECMWF ERA5-Land Reanalysis (Open-Meteo) + IBM Capacity Quotas
MINE_05,Kandri,Underground,21.4106,79.2656,2022-02,16500.0,16365.6,134.4,0.81,2.9,23.1,29.5,38.16,ECMWF ERA5-Land Reanalysis (Open-Meteo) + IBM Capacity Quotas
MINE_05,Kandri,Underground,21.4106,79.2656,2022-03,16500.0,16173.8,326.2,1.98,0.1,21.6,37.0,38.28,ECMWF ERA5-Land Reanalysis (Open-Meteo) + IBM Capacity Quotas
MINE_05,Kandri,Underground,21.4106,79.2656,2022-04,15000.0,14801.7,198.3,1.32,0.1,21.2,41.7,38.31,ECMWF ERA5-Land Reanalysis (Open-Meteo) + IBM Capacity Quotas
MINE_05,Kandri,Underground,21.4106,79.2656,2022-05,15000.0,15082.3,-82.3,-0.55,2.5,20.4,41.5,38.25,ECMWF ERA5-Land Reanalysis (Open-Meteo) + IBM Capacity Quotas
MINE_05,Kandri,Underground,21.4106,79.2656,2022-06,15000.0,15117.8,-117.8,-0.79,205.4,32.5,37.0,38.09,ECMWF ERA5-Land Reanalysis (Open-Meteo) + IBM Capacity Quotas
MINE_05,Kandri,Underground,21.4106,79.2656,2022-07,13500.0,11891.5,1608.5,11.91,711.7,50.0,29.2,37.88,ECMWF ERA5-Land Reanalysis (Open-Meteo) + IBM Capacity Quotas
MINE_05,Kandri,Underground,21.4106,79.2656,2022-08,13500.0,12290.7,1209.3,8.96,485.5,47.8,29.9,37.66,ECMWF ERA5-Land Reanalysis (Open-Meteo) + IBM Capacity Quotas
MINE_05,Kandri,Underground,21.4106,79.2656,2022-09,15000.0,14092.8,907.2,6.05,265.6,46.0,30.4,37.46,ECMWF ERA5-Land Reanalysis (Open-Meteo) + IBM Capacity Quotas
MINE_05,Kandri,Underground,21.4106,79.2656,2022-10,15000.0,14375.7,624.3,4.16,175.8,40.7,29.8,37.35,ECMWF ERA5-Land Reanalysis (Open-Meteo) + IBM Capacity Quotas
MINE_05,Kandri,Underground,21.4106,79.2656,2022-11,15000.0,14998.4,1.6,0.01,0.0,25.0,29.0,37.32,ECMWF ERA5-Land Reanalysis (Open-Meteo) + IBM Capacity Quotas
MINE_05,Kandri,Underground,21.4106,79.2656,2022-12,15000.0,15251.6,-251.6,-1.68,30.7,23.0,29.1,37.4,ECMWF ERA5-Land Reanalysis (Open-Meteo) + IBM Capacity Quotas
MINE_05,Kandri,Underground,21.4106,79.2656,2023-01,16500.0,16800.8,-300.8,-1.82,0.1,23.8,28.1,37.54,ECMWF ERA5-Land Reanalysis (Open-Meteo) + IBM Capacity Quotas
MINE_05,Kandri,Underground,21.4106,79.2656,2023-02,16500.0,16548.3,-48.3,-0.29,0.0,21.6,32.7,37.71,ECMWF ERA5-Land Reanalysis (Open-Meteo) + IBM Capacity Quotas
MINE_05,Kandri,Underground,21.4106,79.2656,2023-03,16500.0,16251.4,248.6,1.51,21.5,24.8,33.8,37.85,ECMWF ERA5-Land Reanalysis (Open-Meteo) + IBM Capacity Quotas
MINE_05,Kandri,Underground,21.4106,79.2656,2023-04,15000.0,14711.9,288.1,1.92,118.2,26.1,36.2,37.94,ECMWF ERA5-Land Reanalysis (Open-Meteo) + IBM Capacity Quotas
MINE_05,Kandri,Underground,21.4106,79.2656,2023-05,15000.0,14914.6,85.4,0.57,65.2,28.7,38.0,37.93,ECMWF ERA5-Land Reanalysis (Open-Meteo) + IBM Capacity Quotas
MINE_05,Kandri,Underground,21.4106,79.2656,2023-06,15000.0,15195.9,-195.9,-1.31,138.3,29.3,37.5,37.82,ECMWF ERA5-Land Reanalysis (Open-Meteo) + IBM Capacity Quotas
MINE_05,Kandri,Underground,21.4106,79.2656,2023-07,13500.0,12242.2,1257.8,9.32,603.9,49.4,31.1,37.64,ECMWF ERA5-Land Reanalysis (Open-Meteo) + IBM Capacity Quotas
MINE_05,Kandri,Underground,21.4106,79.2656,2023-08,13500.0,13106.5,393.5,2.91,235.9,44.7,31.3,37.42,ECMWF ERA5-Land Reanalysis (Open-Meteo) + IBM Capacity Quotas
MINE_05,Kandri,Underground,21.4106,79.2656,2023-09,15000.0,13725.9,1274.1,8.49,424.8,46.6,30.9,37.2,ECMWF ERA5-Land Reanalysis (Open-Meteo) + IBM Capacity Quotas
MINE_05,Kandri,Underground,21.4106,79.2656,2023-10,15000.0,14700.0,300.0,2.0,2.2,31.8,32.8,37.04,ECMWF ERA5-Land Reanalysis (Open-Meteo) + IBM Capacity Quotas
MINE_05,Kandri,Underground,21.4106,79.2656,2023-11,15000.0,14837.7,162.3,1.08,13.6,26.9,30.7,36.96,ECMWF ERA5-Land Reanalysis (Open-Meteo) + IBM Capacity Quotas
MINE_05,Kandri,Underground,21.4106,79.2656,2023-12,15000.0,15124.6,-124.6,-0.83,2.0,35.5,26.5,36.98,ECMWF ERA5-Land Reanalysis (Open-Meteo) + IBM Capacity Quotas
MINE_05,Kandri,Underground,21.4106,79.2656,2024-01,16500.0,16826.7,-326.7,-1.98,11.7,30.7,27.5,37.09,ECMWF ERA5-Land Reanalysis (Open-Meteo) + IBM Capacity Quotas
MINE_05,Kandri,Underground,21.4106,79.2656,2024-02,16500.0,16715.9,-215.9,-1.31,28.1,28.8,30.6,37.24,ECMWF ERA5-Land Reanalysis (Open-Meteo) + IBM Capacity Quotas
MINE_05,Kandri,Underground,21.4106,79.2656,2024-03,16500.0,16406.7,93.3,0.57,18.4,27.9,35.6,37.41,ECMWF ERA5-Land Reanalysis (Open-Meteo) + IBM Capacity Quotas
MINE_05,Kandri,Underground,21.4106,79.2656,2024-04,15000.0,14712.0,288.0,1.92,16.9,29.2,38.4,37.53,ECMWF ERA5-Land Reanalysis (Open-Meteo) + IBM Capacity Quotas
MINE_05,Kandri,Underground,21.4106,79.2656,2024-05,15000.0,14773.7,226.3,1.51,33.2,26.6,40.2,37.58,ECMWF ERA5-Land Reanalysis (Open-Meteo) + IBM Capacity Quotas
MINE_05,Kandri,Underground,21.4106,79.2656,2024-06,15000.0,14972.4,27.6,0.18,173.6,36.9,36.2,37.53,ECMWF ERA5-Land Reanalysis (Open-Meteo) + IBM Capacity Quotas
MINE_05,Kandri,Underground,21.4106,79.2656,2024-07,13500.0,12016.1,1483.9,10.99,679.2,50.0,30.5,37.39,ECMWF ERA5-Land Reanalysis (Open-Meteo) + IBM Capacity Quotas
MINE_05,Kandri,Underground,21.4106,79.2656,2024-08,13500.0,12740.8,759.2,5.62,409.1,49.3,29.5,37.18,ECMWF ERA5-Land Reanalysis (Open-Meteo) + IBM Capacity Quotas
MINE_05,Kandri,Underground,21.4106,79.2656,2024-09,15000.0,14125.1,874.9,5.83,341.3,46.2,30.5,36.95,ECMWF ERA5-Land Reanalysis (Open-Meteo) + IBM Capacity Quotas
MINE_05,Kandri,Underground,21.4106,79.2656,2024-10,15000.0,14747.0,253.0,1.69,50.6,37.3,32.1,36.75,ECMWF ERA5-Land Reanalysis (Open-Meteo) + IBM Capacity Quotas
MINE_05,Kandri,Underground,21.4106,79.2656,2024-11,15000.0,14727.7,272.3,1.82,0.0,28.9,29.4,36.62,ECMWF ERA5-Land Reanalysis (Open-Meteo) + IBM Capacity Quotas
MINE_05,Kandri,Underground,21.4106,79.2656,2024-12,15000.0,14958.7,41.3,0.28,6.3,26.9,28.0,36.59,ECMWF ERA5-Land Reanalysis (Open-Meteo) + IBM Capacity Quotas
MINE_06,Ukwa,Underground,21.9714,80.4458,2022-01,15400.0,15406.1,-6.1,-0.04,52.2,31.1,22.1,38.0,ECMWF ERA5-Land Reanalysis (Open-Meteo) + IBM Capacity Quotas
MINE_06,Ukwa,Underground,21.9714,80.4458,2022-02,15400.0,15144.2,255.8,1.66,6.8,22.4,25.8,38.16,ECMWF ERA5-Land Reanalysis (Open-Meteo) + IBM Capacity Quotas
MINE_06,Ukwa,Underground,21.9714,80.4458,2022-03,15400.0,15117.5,282.5,1.83,1.9,16.6,33.3,38.28,ECMWF ERA5-Land Reanalysis (Open-Meteo) + IBM Capacity Quotas
MINE_06,Ukwa,Underground,21.9714,80.4458,2022-04,14000.0,13955.0,45.0,0.32,5.3,15.0,38.3,38.31,ECMWF ERA5-Land Reanalysis (Open-Meteo) + IBM Capacity Quotas
MINE_06,Ukwa,Underground,21.9714,80.4458,2022-05,14000.0,14208.2,-208.2,-1.49,16.6,17.3,37.5,38.25,ECMWF ERA5-Land Reanalysis (Open-Meteo) + IBM Capacity Quotas
MINE_06,Ukwa,Underground,21.9714,80.4458,2022-06,14000.0,14232.1,-232.1,-1.66,163.3,28.7,33.8,38.09,ECMWF ERA5-Land Reanalysis (Open-Meteo) + IBM Capacity Quotas
MINE_06,Ukwa,Underground,21.9714,80.4458,2022-07,12600.0,11468.8,1131.2,8.98,525.9,42.1,28.1,37.88,ECMWF ERA5-Land Reanalysis (Open-Meteo) + IBM Capacity Quotas
MINE_06,Ukwa,Underground,21.9714,80.4458,2022-08,12600.0,11379.5,1220.5,9.69,475.6,41.3,27.8,37.66,ECMWF ERA5-Land Reanalysis (Open-Meteo) + IBM Capacity Quotas
MINE_06,Ukwa,Underground,21.9714,80.4458,2022-09,14000.0,13095.1,904.9,6.46,278.5,40.2,27.8,37.46,ECMWF ERA5-Land Reanalysis (Open-Meteo) + IBM Capacity Quotas
MINE_06,Ukwa,Underground,21.9714,80.4458,2022-10,14000.0,13879.6,120.4,0.86,106.5,34.3,27.4,37.35,ECMWF ERA5-Land Reanalysis (Open-Meteo) + IBM Capacity Quotas
MINE_06,Ukwa,Underground,21.9714,80.4458,2022-11,14000.0,14147.7,-147.7,-1.06,0.0,18.3,26.9,37.32,ECMWF ERA5-Land Reanalysis (Open-Meteo) + IBM Capacity Quotas
MINE_06,Ukwa,Underground,21.9714,80.4458,2022-12,14000.0,14280.0,-280.0,-2.0,3.7,16.8,26.5,37.4,ECMWF ERA5-Land Reanalysis (Open-Meteo) + IBM Capacity Quotas
MINE_06,Ukwa,Underground,21.9714,80.4458,2023-01,15400.0,15570.4,-170.4,-1.11,2.1,20.7,25.4,37.54,ECMWF ERA5-Land Reanalysis (Open-Meteo) + IBM Capacity Quotas
MINE_06,Ukwa,Underground,21.9714,80.4458,2023-02,15400.0,15276.1,123.9,0.8,0.0,17.7,29.3,37.71,ECMWF ERA5-Land Reanalysis (Open-Meteo) + IBM Capacity Quotas
MINE_06,Ukwa,Underground,21.9714,80.4458,2023-03,15400.0,15095.8,304.2,1.98,31.1,18.4,30.6,37.85,ECMWF ERA5-Land Reanalysis (Open-Meteo) + IBM Capacity Quotas
MINE_06,Ukwa,Underground,21.9714,80.4458,2023-04,14000.0,13813.8,186.2,1.33,62.5,19.1,33.7,37.94,ECMWF ERA5-Land Reanalysis (Open-Meteo) + IBM Capacity Quotas
MINE_06,Ukwa,Underground,21.9714,80.4458,2023-05,14000.0,14075.3,-75.3,-0.54,43.6,25.7,35.1,37.93,ECMWF ERA5-Land Reanalysis (Open-Meteo) + IBM Capacity Quotas
MINE_06,Ukwa,Underground,21.9714,80.4458,2023-06,14000.0,14026.5,-26.5,-0.19,234.5,23.8,34.6,37.82,ECMWF ERA5-Land Reanalysis (Open-Meteo) + IBM Capacity Quotas
MINE_06,Ukwa,Underground,21.9714,80.4458,2023-07,12600.0,11983.5,616.5,4.89,366.2,41.4,29.4,37.64,ECMWF ERA5-Land Reanalysis (Open-Meteo) + IBM Capacity Quotas
MINE_06,Ukwa,Underground,21.9714,80.4458,2023-08,12600.0,12128.8,471.2,3.74,324.4,39.6,28.8,37.42,ECMWF ERA5-Land Reanalysis (Open-Meteo) + IBM Capacity Quotas
MINE_06,Ukwa,Underground,21.9714,80.4458,2023-09,14000.0,13299.9,700.1,5.0,312.5,38.9,28.9,37.2,ECMWF ERA5-Land Reanalysis (Open-Meteo) + IBM Capacity Quotas
MINE_06,Ukwa,Underground,21.9714,80.4458,2023-10,14000.0,13762.8,237.2,1.69,4.9,23.2,30.0,37.04,ECMWF ERA5-Land Reanalysis (Open-Meteo) + IBM Capacity Quotas
MINE_06,Ukwa,Underground,21.9714,80.4458,2023-11,14000.0,13996.9,3.1,0.02,40.5,20.9,27.7,36.96,ECMWF ERA5-Land Reanalysis (Open-Meteo) + IBM Capacity Quotas
MINE_06,Ukwa,Underground,21.9714,80.4458,2023-12,14000.0,14233.9,-233.9,-1.67,21.7,28.1,24.5,36.98,ECMWF ERA5-Land Reanalysis (Open-Meteo) + IBM Capacity Quotas
MINE_06,Ukwa,Underground,21.9714,80.4458,2024-01,15400.0,15681.4,-281.4,-1.83,20.9,24.6,25.0,37.09,ECMWF ERA5-Land Reanalysis (Open-Meteo) + IBM Capacity Quotas
MINE_06,Ukwa,Underground,21.9714,80.4458,2024-02,15400.0,15446.8,-46.8,-0.3,26.2,24.5,27.6,37.24,ECMWF ERA5-Land Reanalysis (Open-Meteo) + IBM Capacity Quotas
MINE_06,Ukwa,Underground,21.9714,80.4458,2024-03,15400.0,15169.1,230.9,1.5,56.2,23.7,32.0,37.41,ECMWF ERA5-Land Reanalysis (Open-Meteo) + IBM Capacity Quotas
MINE_06,Ukwa,Underground,21.9714,80.4458,2024-04,14000.0,13730.7,269.3,1.92,59.5,25.6,34.8,37.53,ECMWF ERA5-Land Reanalysis (Open-Meteo) + IBM Capacity Quotas
MINE_06,Ukwa,Underground,21.9714,80.4458,2024-05,14000.0,13918.8,81.2,0.58,51.4,25.2,36.7,37.58,ECMWF ERA5-Land Reanalysis (Open-Meteo) + IBM Capacity Quotas
MINE_06,Ukwa,Underground,21.9714,80.4458,2024-06,14000.0,13960.7,39.3,0.28,227.9,34.3,33.6,37.53,ECMWF ERA5-Land Reanalysis (Open-Meteo) + IBM Capacity Quotas
MINE_06,Ukwa,Underground,21.9714,80.4458,2024-07,12600.0,11268.7,1331.3,10.57,665.2,42.2,28.2,37.39,ECMWF ERA5-Land Reanalysis (Open-Meteo) + IBM Capacity Quotas
MINE_06,Ukwa,Underground,21.9714,80.4458,2024-08,12600.0,11748.0,852.0,6.76,427.1,41.8,27.0,37.18,ECMWF ERA5-Land Reanalysis (Open-Meteo) + IBM Capacity Quotas
MINE_06,Ukwa,Underground,21.9714,80.4458,2024-09,14000.0,12515.4,1484.6,10.6,531.9,40.6,27.9,36.95,ECMWF ERA5-Land Reanalysis (Open-Meteo) + IBM Capacity Quotas
MINE_06,Ukwa,Underground,21.9714,80.4458,2024-10,14000.0,13720.0,280.0,2.0,44.4,32.8,29.3,36.75,ECMWF ERA5-Land Reanalysis (Open-Meteo) + IBM Capacity Quotas
MINE_06,Ukwa,Underground,21.9714,80.4458,2024-11,14000.0,13847.2,152.8,1.09,0.0,22.8,26.6,36.62,ECMWF ERA5-Land Reanalysis (Open-Meteo) + IBM Capacity Quotas
MINE_06,Ukwa,Underground,21.9714,80.4458,2024-12,14000.0,14114.9,-114.9,-0.82,9.1,29.3,24.9,36.59,ECMWF ERA5-Land Reanalysis (Open-Meteo) + IBM Capacity Quotas
MINE_07,Munsar,Underground,21.4,79.2667,2022-01,14300.0,14459.4,-159.4,-1.11,44.7,32.4,24.8,38.0,ECMWF ERA5-Land Reanalysis (Open-Meteo) + IBM Capacity Quotas
MINE_07,Munsar,Underground,21.4,79.2667,2022-02,14300.0,14186.3,113.7,0.8,2.9,23.1,29.5,38.16,ECMWF ERA5-Land Reanalysis (Open-Meteo) + IBM Capacity Quotas
MINE_07,Munsar,Underground,21.4,79.2667,2022-03,14300.0,14017.7,282.3,1.97,0.1,21.6,37.0,38.28,ECMWF ERA5-Land Reanalysis (Open-Meteo) + IBM Capacity Quotas
MINE_07,Munsar,Underground,21.4,79.2667,2022-04,13000.0,12826.1,173.9,1.34,0.1,21.2,41.7,38.31,ECMWF ERA5-Land Reanalysis (Open-Meteo) + IBM Capacity Quotas
MINE_07,Munsar,Underground,21.4,79.2667,2022-05,13000.0,13068.7,-68.7,-0.53,2.5,20.4,41.5,38.25,ECMWF ERA5-Land Reanalysis (Open-Meteo) + IBM Capacity Quotas
MINE_07,Munsar,Underground,21.4,79.2667,2022-06,13000.0,13101.3,-101.3,-0.78,205.4,32.5,37.0,38.09,ECMWF ERA5-Land Reanalysis (Open-Meteo) + IBM Capacity Quotas
MINE_07,Munsar,Underground,21.4,79.2667,2022-07,11700.0,10307.4,1392.6,11.9,711.7,50.0,29.2,37.88,ECMWF ERA5-Land Reanalysis (Open-Meteo) + IBM Capacity Quotas
MINE_07,Munsar,Underground,21.4,79.2667,2022-08,11700.0,10654.2,1045.8,8.94,485.5,47.8,29.9,37.66,ECMWF ERA5-Land Reanalysis (Open-Meteo) + IBM Capacity Quotas
MINE_07,Munsar,Underground,21.4,79.2667,2022-09,13000.0,12214.9,785.1,6.04,265.6,46.0,30.4,37.46,ECMWF ERA5-Land Reanalysis (Open-Meteo) + IBM Capacity Quotas
MINE_07,Munsar,Underground,21.4,79.2667,2022-10,13000.0,12457.5,542.5,4.17,175.8,40.7,29.8,37.35,ECMWF ERA5-Land Reanalysis (Open-Meteo) + IBM Capacity Quotas
MINE_07,Munsar,Underground,21.4,79.2667,2022-11,13000.0,12995.9,4.1,0.03,0.0,25.0,29.0,37.32,ECMWF ERA5-Land Reanalysis (Open-Meteo) + IBM Capacity Quotas
MINE_07,Munsar,Underground,21.4,79.2667,2022-12,13000.0,13216.5,-216.5,-1.67,30.7,23.0,29.1,37.4,ECMWF ERA5-Land Reanalysis (Open-Meteo) + IBM Capacity Quotas
MINE_07,Munsar,Underground,21.4,79.2667,2023-01,14300.0,14561.9,-261.9,-1.83,0.1,23.8,28.1,37.54,ECMWF ERA5-Land Reanalysis (Open-Meteo) + IBM Capacity Quotas
MINE_07,Munsar,Underground,21.4,79.2667,2023-02,14300.0,14344.9,-44.9,-0.31,0.0,21.6,32.7,37.71,ECMWF ERA5-Land Reanalysis (Open-Meteo) + IBM Capacity Quotas
MINE_07,Munsar,Underground,21.4,79.2667,2023-03,14300.0,14086.6,213.4,1.49,21.5,24.8,33.8,37.85,ECMWF ERA5-Land Reanalysis (Open-Meteo) + IBM Capacity Quotas
MINE_07,Munsar,Underground,21.4,79.2667,2023-04,13000.0,12749.5,250.5,1.93,118.2,26.1,36.2,37.94,ECMWF ERA5-Land Reanalysis (Open-Meteo) + IBM Capacity Quotas
MINE_07,Munsar,Underground,21.4,79.2667,2023-05,13000.0,12923.4,76.6,0.59,65.2,28.7,38.0,37.93,ECMWF ERA5-Land Reanalysis (Open-Meteo) + IBM Capacity Quotas
MINE_07,Munsar,Underground,21.4,79.2667,2023-06,13000.0,13167.7,-167.7,-1.29,138.3,29.3,37.5,37.82,ECMWF ERA5-Land Reanalysis (Open-Meteo) + IBM Capacity Quotas
MINE_07,Munsar,Underground,21.4,79.2667,2023-07,11700.0,10610.2,1089.8,9.31,603.9,49.4,31.1,37.64,ECMWF ERA5-Land Reanalysis (Open-Meteo) + IBM Capacity Quotas
MINE_07,Munsar,Underground,21.4,79.2667,2023-08,11700.0,11361.1,338.9,2.9,235.9,44.7,31.3,37.42,ECMWF ERA5-Land Reanalysis (Open-Meteo) + IBM Capacity Quotas
MINE_07,Munsar,Underground,21.4,79.2667,2023-09,13000.0,11897.9,1102.1,8.48,424.8,46.6,30.9,37.2,ECMWF ERA5-Land Reanalysis (Open-Meteo) + IBM Capacity Quotas
MINE_07,Munsar,Underground,21.4,79.2667,2023-10,13000.0,12740.0,260.0,2.0,2.2,31.8,32.8,37.04,ECMWF ERA5-Land Reanalysis (Open-Meteo) + IBM Capacity Quotas
MINE_07,Munsar,Underground,21.4,79.2667,2023-11,13000.0,12857.0,143.0,1.1,13.6,26.9,30.7,36.96,ECMWF ERA5-Land Reanalysis (Open-Meteo) + IBM Capacity Quotas
MINE_07,Munsar,Underground,21.4,79.2667,2023-12,13000.0,13105.5,-105.5,-0.81,2.0,35.5,26.5,36.98,ECMWF ERA5-Land Reanalysis (Open-Meteo) + IBM Capacity Quotas
MINE_07,Munsar,Underground,21.4,79.2667,2024-01,14300.0,14582.7,-282.7,-1.98,11.7,30.7,27.5,37.09,ECMWF ERA5-Land Reanalysis (Open-Meteo) + IBM Capacity Quotas
MINE_07,Munsar,Underground,21.4,79.2667,2024-02,14300.0,14489.4,-189.4,-1.32,28.1,28.8,30.6,37.24,ECMWF ERA5-Land Reanalysis (Open-Meteo) + IBM Capacity Quotas
MINE_07,Munsar,Underground,21.4,79.2667,2024-03,14300.0,14222.0,78.0,0.55,18.4,27.9,35.6,37.41,ECMWF ERA5-Land Reanalysis (Open-Meteo) + IBM Capacity Quotas
MINE_07,Munsar,Underground,21.4,79.2667,2024-04,13000.0,12751.2,248.8,1.91,16.9,29.2,38.4,37.53,ECMWF ERA5-Land Reanalysis (Open-Meteo) + IBM Capacity Quotas
MINE_07,Munsar,Underground,21.4,79.2667,2024-05,13000.0,12802.0,198.0,1.52,33.2,26.6,40.2,37.58,ECMWF ERA5-Land Reanalysis (Open-Meteo) + IBM Capacity Quotas
MINE_07,Munsar,Underground,21.4,79.2667,2024-06,13000.0,12973.3,26.7,0.21,173.6,36.9,36.2,37.53,ECMWF ERA5-Land Reanalysis (Open-Meteo) + IBM Capacity Quotas
MINE_07,Munsar,Underground,21.4,79.2667,2024-07,11700.0,10413.1,1286.9,11.0,679.2,50.0,30.5,37.39,ECMWF ERA5-Land Reanalysis (Open-Meteo) + IBM Capacity Quotas
MINE_07,Munsar,Underground,21.4,79.2667,2024-08,11700.0,11043.3,656.7,5.61,409.1,49.3,29.5,37.18,ECMWF ERA5-Land Reanalysis (Open-Meteo) + IBM Capacity Quotas
MINE_07,Munsar,Underground,21.4,79.2667,2024-09,13000.0,12244.4,755.6,5.81,341.3,46.2,30.5,36.95,ECMWF ERA5-Land Reanalysis (Open-Meteo) + IBM Capacity Quotas
MINE_07,Munsar,Underground,21.4,79.2667,2024-10,13000.0,12782.2,217.8,1.68,50.6,37.3,32.1,36.75,ECMWF ERA5-Land Reanalysis (Open-Meteo) + IBM Capacity Quotas
MINE_07,Munsar,Underground,21.4,79.2667,2024-11,13000.0,12762.8,237.2,1.82,0.0,28.9,29.4,36.62,ECMWF ERA5-Land Reanalysis (Open-Meteo) + IBM Capacity Quotas
MINE_07,Munsar,Underground,21.4,79.2667,2024-12,13000.0,12961.5,38.5,0.3,6.3,26.9,28.0,36.59,ECMWF ERA5-Land Reanalysis (Open-Meteo) + IBM Capacity Quotas
MINE_08,Gumgaon,Underground,21.4078,78.9861,2022-01,12100.0,12233.3,-133.3,-1.1,25.4,35.0,24.9,38.0,ECMWF ERA5-Land Reanalysis (Open-Meteo) + IBM Capacity Quotas
MINE_08,Gumgaon,Underground,21.4078,78.9861,2022-02,12100.0,12002.1,97.9,0.81,1.8,27.4,29.6,38.16,ECMWF ERA5-Land Reanalysis (Open-Meteo) + IBM Capacity Quotas
MINE_08,Gumgaon,Underground,21.4078,78.9861,2022-03,12100.0,11860.9,239.1,1.98,0.5,25.3,37.1,38.28,ECMWF ERA5-Land Reanalysis (Open-Meteo) + IBM Capacity Quotas
MINE_08,Gumgaon,Underground,21.4078,78.9861,2022-04,11000.0,10854.1,145.9,1.33,0.0,24.9,42.0,38.31,ECMWF ERA5-Land Reanalysis (Open-Meteo) + IBM Capacity Quotas
MINE_08,Gumgaon,Underground,21.4078,78.9861,2022-05,11000.0,11059.8,-59.8,-0.54,0.0,24.9,41.8,38.25,ECMWF ERA5-Land Reanalysis (Open-Meteo) + IBM Capacity Quotas
MINE_08,Gumgaon,Underground,21.4078,78.9861,2022-06,11000.0,11022.3,-22.3,-0.2,233.9,35.9,37.4,38.09,ECMWF ERA5-Land Reanalysis (Open-Meteo) + IBM Capacity Quotas
MINE_08,Gumgaon,Underground,21.4078,78.9861,2022-07,9900.0,8475.3,1424.7,14.39,833.8,50.0,29.6,37.88,ECMWF ERA5-Land Reanalysis (Open-Meteo) + IBM Capacity Quotas
MINE_08,Gumgaon,Underground,21.4078,78.9861,2022-08,9900.0,8982.7,917.3,9.27,501.2,47.8,30.3,37.66,ECMWF ERA5-Land Reanalysis (Open-Meteo) + IBM Capacity Quotas
MINE_08,Gumgaon,Underground,21.4078,78.9861,2022-09,11000.0,10360.7,639.3,5.81,253.7,46.3,30.8,37.46,ECMWF ERA5-Land Reanalysis (Open-Meteo) + IBM Capacity Quotas
MINE_08,Gumgaon,Underground,21.4078,78.9861,2022-10,11000.0,10557.8,442.2,4.02,168.4,41.2,30.0,37.35,ECMWF ERA5-Land Reanalysis (Open-Meteo) + IBM Capacity Quotas
MINE_08,Gumgaon,Underground,21.4078,78.9861,2022-11,11000.0,10998.2,1.8,0.02,0.0,27.8,29.1,37.32,ECMWF ERA5-Land Reanalysis (Open-Meteo) + IBM Capacity Quotas
MINE_08,Gumgaon,Underground,21.4078,78.9861,2022-12,11000.0,11184.2,-184.2,-1.67,6.8,26.9,29.0,37.4,ECMWF ERA5-Land Reanalysis (Open-Meteo) + IBM Capacity Quotas
MINE_08,Gumgaon,Underground,21.4078,78.9861,2023-01,12100.0,12320.9,-220.9,-1.83,0.3,26.9,28.0,37.54,ECMWF ERA5-Land Reanalysis (Open-Meteo) + IBM Capacity Quotas
MINE_08,Gumgaon,Underground,21.4078,78.9861,2023-02,12100.0,12136.1,-36.1,-0.3,0.0,24.8,32.6,37.71,ECMWF ERA5-Land Reanalysis (Open-Meteo) + IBM Capacity Quotas
MINE_08,Gumgaon,Underground,21.4078,78.9861,2023-03,12100.0,11918.1,181.9,1.5,19.0,27.2,33.7,37.85,ECMWF ERA5-Land Reanalysis (Open-Meteo) + IBM Capacity Quotas
MINE_08,Gumgaon,Underground,21.4078,78.9861,2023-04,11000.0,10788.5,211.5,1.92,65.8,28.6,36.5,37.94,ECMWF ERA5-Land Reanalysis (Open-Meteo) + IBM Capacity Quotas
MINE_08,Gumgaon,Underground,21.4078,78.9861,2023-05,11000.0,10936.8,63.2,0.57,63.3,31.4,38.5,37.93,ECMWF ERA5-Land Reanalysis (Open-Meteo) + IBM Capacity Quotas
MINE_08,Gumgaon,Underground,21.4078,78.9861,2023-06,11000.0,11143.2,-143.2,-1.3,109.9,30.6,37.9,37.82,ECMWF ERA5-Land Reanalysis (Open-Meteo) + IBM Capacity Quotas
MINE_08,Gumgaon,Underground,21.4078,78.9861,2023-07,9900.0,9166.3,733.7,7.41,510.5,49.0,31.4,37.64,ECMWF ERA5-Land Reanalysis (Open-Meteo) + IBM Capacity Quotas
MINE_08,Gumgaon,Underground,21.4078,78.9861,2023-08,9900.0,9671.2,228.8,2.31,206.2,43.6,31.4,37.42,ECMWF ERA5-Land Reanalysis (Open-Meteo) + IBM Capacity Quotas
MINE_08,Gumgaon,Underground,21.4078,78.9861,2023-09,11000.0,10022.4,977.6,8.89,444.9,45.4,31.2,37.2,ECMWF ERA5-Land Reanalysis (Open-Meteo) + IBM Capacity Quotas
MINE_08,Gumgaon,Underground,21.4078,78.9861,2023-10,11000.0,10780.0,220.0,2.0,5.0,30.7,32.6,37.04,ECMWF ERA5-Land Reanalysis (Open-Meteo) + IBM Capacity Quotas
MINE_08,Gumgaon,Underground,21.4078,78.9861,2023-11,11000.0,10880.4,119.6,1.09,26.3,25.1,30.3,36.96,ECMWF ERA5-Land Reanalysis (Open-Meteo) + IBM Capacity Quotas
MINE_08,Gumgaon,Underground,21.4078,78.9861,2023-12,11000.0,11090.8,-90.8,-0.83,3.3,28.2,27.0,36.98,ECMWF ERA5-Land Reanalysis (Open-Meteo) + IBM Capacity Quotas
MINE_08,Gumgaon,Underground,21.4078,78.9861,2024-01,12100.0,12339.5,-239.5,-1.98,10.4,26.7,27.6,37.09,ECMWF ERA5-Land Reanalysis (Open-Meteo) + IBM Capacity Quotas
MINE_08,Gumgaon,Underground,21.4078,78.9861,2024-02,12100.0,12258.9,-158.9,-1.31,20.7,27.8,30.7,37.24,ECMWF ERA5-Land Reanalysis (Open-Meteo) + IBM Capacity Quotas
MINE_08,Gumgaon,Underground,21.4078,78.9861,2024-03,12100.0,12032.2,67.8,0.56,33.9,25.7,36.2,37.41,ECMWF ERA5-Land Reanalysis (Open-Meteo) + IBM Capacity Quotas
MINE_08,Gumgaon,Underground,21.4078,78.9861,2024-04,11000.0,10789.0,211.0,1.92,17.7,26.9,38.6,37.53,ECMWF ERA5-Land Reanalysis (Open-Meteo) + IBM Capacity Quotas
MINE_08,Gumgaon,Underground,21.4078,78.9861,2024-05,11000.0,10833.6,166.4,1.51,29.3,24.2,40.9,37.58,ECMWF ERA5-Land Reanalysis (Open-Meteo) + IBM Capacity Quotas
MINE_08,Gumgaon,Underground,21.4078,78.9861,2024-06,11000.0,10961.3,38.7,0.35,181.7,35.8,37.0,37.53,ECMWF ERA5-Land Reanalysis (Open-Meteo) + IBM Capacity Quotas
MINE_08,Gumgaon,Underground,21.4078,78.9861,2024-07,9900.0,8741.3,1158.7,11.7,714.1,49.9,30.7,37.39,ECMWF ERA5-Land Reanalysis (Open-Meteo) + IBM Capacity Quotas
MINE_08,Gumgaon,Underground,21.4078,78.9861,2024-08,9900.0,9420.5,479.5,4.84,370.9,49.3,29.8,37.18,ECMWF ERA5-Land Reanalysis (Open-Meteo) + IBM Capacity Quotas
MINE_08,Gumgaon,Underground,21.4078,78.9861,2024-09,11000.0,10438.4,561.6,5.11,305.2,46.3,30.6,36.95,ECMWF ERA5-Land Reanalysis (Open-Meteo) + IBM Capacity Quotas
MINE_08,Gumgaon,Underground,21.4078,78.9861,2024-10,11000.0,10814.8,185.2,1.68,40.4,37.6,31.9,36.75,ECMWF ERA5-Land Reanalysis (Open-Meteo) + IBM Capacity Quotas
MINE_08,Gumgaon,Underground,21.4078,78.9861,2024-11,11000.0,10800.0,200.0,1.82,0.0,30.0,28.6,36.62,ECMWF ERA5-Land Reanalysis (Open-Meteo) + IBM Capacity Quotas
MINE_08,Gumgaon,Underground,21.4078,78.9861,2024-12,11000.0,10969.1,30.9,0.28,9.6,27.0,27.4,36.59,ECMWF ERA5-Land Reanalysis (Open-Meteo) + IBM Capacity Quotas
MINE_09,Beldongri,Underground,21.4,79.2667,2022-01,9900.0,10010.3,-110.3,-1.11,44.7,32.4,24.8,38.0,ECMWF ERA5-Land Reanalysis (Open-Meteo) + IBM Capacity Quotas
MINE_09,Beldongri,Underground,21.4,79.2667,2022-02,9900.0,9821.3,78.7,0.79,2.9,23.1,29.5,38.16,ECMWF ERA5-Land Reanalysis (Open-Meteo) + IBM Capacity Quotas
MINE_09,Beldongri,Underground,21.4,79.2667,2022-03,9900.0,9704.6,195.4,1.97,0.1,21.6,37.0,38.28,ECMWF ERA5-Land Reanalysis (Open-Meteo) + IBM Capacity Quotas
MINE_09,Beldongri,Underground,21.4,79.2667,2022-04,9000.0,8879.6,120.4,1.34,0.1,21.2,41.7,38.31,ECMWF ERA5-Land Reanalysis (Open-Meteo) + IBM Capacity Quotas
MINE_09,Beldongri,Underground,21.4,79.2667,2022-05,9000.0,9047.5,-47.5,-0.53,2.5,20.4,41.5,38.25,ECMWF ERA5-Land Reanalysis (Open-Meteo) + IBM Capacity Quotas
MINE_09,Beldongri,Underground,21.4,79.2667,2022-06,9000.0,9070.1,-70.1,-0.78,205.4,32.5,37.0,38.09,ECMWF ERA5-Land Reanalysis (Open-Meteo) + IBM Capacity Quotas
MINE_09,Beldongri,Underground,21.4,79.2667,2022-07,8100.0,7135.9,964.1,11.9,711.7,50.0,29.2,37.88,ECMWF ERA5-Land Reanalysis (Open-Meteo) + IBM Capacity Quotas
MINE_09,Beldongri,Underground,21.4,79.2667,2022-08,8100.0,7376.0,724.0,8.94,485.5,47.8,29.9,37.66,ECMWF ERA5-Land Reanalysis (Open-Meteo) + IBM Capacity Quotas
MINE_09,Beldongri,Underground,21.4,79.2667,2022-09,9000.0,8456.5,543.5,6.04,265.6,46.0,30.4,37.46,ECMWF ERA5-Land Reanalysis (Open-Meteo) + IBM Capacity Quotas
MINE_09,Beldongri,Underground,21.4,79.2667,2022-10,9000.0,8624.4,375.6,4.17,175.8,40.7,29.8,37.35,ECMWF ERA5-Land Reanalysis (Open-Meteo) + IBM Capacity Quotas
MINE_09,Beldongri,Underground,21.4,79.2667,2022-11,9000.0,8997.1,2.9,0.03,0.0,25.0,29.0,37.32,ECMWF ERA5-Land Reanalysis (Open-Meteo) + IBM Capacity Quotas
MINE_09,Beldongri,Underground,21.4,79.2667,2022-12,9000.0,9149.9,-149.9,-1.67,30.7,23.0,29.1,37.4,ECMWF ERA5-Land Reanalysis (Open-Meteo) + IBM Capacity Quotas
MINE_09,Beldongri,Underground,21.4,79.2667,2023-01,9900.0,10081.3,-181.3,-1.83,0.1,23.8,28.1,37.54,ECMWF ERA5-Land Reanalysis (Open-Meteo) + IBM Capacity Quotas
MINE_09,Beldongri,Underground,21.4,79.2667,2023-02,9900.0,9931.1,-31.1,-0.31,0.0,21.6,32.7,37.71,ECMWF ERA5-Land Reanalysis (Open-Meteo) + IBM Capacity Quotas
MINE_09,Beldongri,Underground,21.4,79.2667,2023-03,9900.0,9752.2,147.8,1.49,21.5,24.8,33.8,37.85,ECMWF ERA5-Land Reanalysis (Open-Meteo) + IBM Capacity Quotas
MINE_09,Beldongri,Underground,21.4,79.2667,2023-04,9000.0,8826.6,173.4,1.93,118.2,26.1,36.2,37.94,ECMWF ERA5-Land Reanalysis (Open-Meteo) + IBM Capacity Quotas
MINE_09,Beldongri,Underground,21.4,79.2667,2023-05,9000.0,8947.0,53.0,0.59,65.2,28.7,38.0,37.93,ECMWF ERA5-Land Reanalysis (Open-Meteo) + IBM Capacity Quotas
MINE_09,Beldongri,Underground,21.4,79.2667,2023-06,9000.0,9116.1,-116.1,-1.29,138.3,29.3,37.5,37.82,ECMWF ERA5-Land Reanalysis (Open-Meteo) + IBM Capacity Quotas
MINE_09,Beldongri,Underground,21.4,79.2667,2023-07,8100.0,7345.5,754.5,9.31,603.9,49.4,31.1,37.64,ECMWF ERA5-Land Reanalysis (Open-Meteo) + IBM Capacity Quotas
MINE_09,Beldongri,Underground,21.4,79.2667,2023-08,8100.0,7865.4,234.6,2.9,235.9,44.7,31.3,37.42,ECMWF ERA5-Land Reanalysis (Open-Meteo) + IBM Capacity Quotas
MINE_09,Beldongri,Underground,21.4,79.2667,2023-09,9000.0,8237.0,763.0,8.48,424.8,46.6,30.9,37.2,ECMWF ERA5-Land Reanalysis (Open-Meteo) + IBM Capacity Quotas
MINE_09,Beldongri,Underground,21.4,79.2667,2023-10,9000.0,8820.0,180.0,2.0,2.2,31.8,32.8,37.04,ECMWF ERA5-Land Reanalysis (Open-Meteo) + IBM Capacity Quotas
MINE_09,Beldongri,Underground,21.4,79.2667,2023-11,9000.0,8901.0,99.0,1.1,13.6,26.9,30.7,36.96,ECMWF ERA5-Land Reanalysis (Open-Meteo) + IBM Capacity Quotas
MINE_09,Beldongri,Underground,21.4,79.2667,2023-12,9000.0,9073.0,-73.0,-0.81,2.0,35.5,26.5,36.98,ECMWF ERA5-Land Reanalysis (Open-Meteo) + IBM Capacity Quotas
MINE_09,Beldongri,Underground,21.4,79.2667,2024-01,9900.0,10095.7,-195.7,-1.98,11.7,30.7,27.5,37.09,ECMWF ERA5-Land Reanalysis (Open-Meteo) + IBM Capacity Quotas
MINE_09,Beldongri,Underground,21.4,79.2667,2024-02,9900.0,10031.1,-131.1,-1.32,28.1,28.8,30.6,37.24,ECMWF ERA5-Land Reanalysis (Open-Meteo) + IBM Capacity Quotas
MINE_09,Beldongri,Underground,21.4,79.2667,2024-03,9900.0,9846.0,54.0,0.55,18.4,27.9,35.6,37.41,ECMWF ERA5-Land Reanalysis (Open-Meteo) + IBM Capacity Quotas
MINE_09,Beldongri,Underground,21.4,79.2667,2024-04,9000.0,8827.8,172.2,1.91,16.9,29.2,38.4,37.53,ECMWF ERA5-Land Reanalysis (Open-Meteo) + IBM Capacity Quotas
MINE_09,Beldongri,Underground,21.4,79.2667,2024-05,9000.0,8862.9,137.1,1.52,33.2,26.6,40.2,37.58,ECMWF ERA5-Land Reanalysis (Open-Meteo) + IBM Capacity Quotas
MINE_09,Beldongri,Underground,21.4,79.2667,2024-06,9000.0,8981.5,18.5,0.21,173.6,36.9,36.2,37.53,ECMWF ERA5-Land Reanalysis (Open-Meteo) + IBM Capacity Quotas
MINE_09,Beldongri,Underground,21.4,79.2667,2024-07,8100.0,7209.0,891.0,11.0,679.2,50.0,30.5,37.39,ECMWF ERA5-Land Reanalysis (Open-Meteo) + IBM Capacity Quotas
MINE_09,Beldongri,Underground,21.4,79.2667,2024-08,8100.0,7645.4,454.6,5.61,409.1,49.3,29.5,37.18,ECMWF ERA5-Land Reanalysis (Open-Meteo) + IBM Capacity Quotas
MINE_09,Beldongri,Underground,21.4,79.2667,2024-09,9000.0,8476.9,523.1,5.81,341.3,46.2,30.5,36.95,ECMWF ERA5-Land Reanalysis (Open-Meteo) + IBM Capacity Quotas
MINE_09,Beldongri,Underground,21.4,79.2667,2024-10,9000.0,8849.2,150.8,1.68,50.6,37.3,32.1,36.75,ECMWF ERA5-Land Reanalysis (Open-Meteo) + IBM Capacity Quotas
MINE_09,Beldongri,Underground,21.4,79.2667,2024-11,9000.0,8835.8,164.2,1.82,0.0,28.9,29.4,36.62,ECMWF ERA5-Land Reanalysis (Open-Meteo) + IBM Capacity Quotas
MINE_09,Beldongri,Underground,21.4,79.2667,2024-12,9000.0,8973.3,26.7,0.3,6.3,26.9,28.0,36.59,ECMWF ERA5-Land Reanalysis (Open-Meteo) + IBM Capacity Quotas
MINE_10,Sitapatore / Sukli,Opencast,21.7,79.6667,2022-01,7700.0,7716.7,-16.7,-0.22,27.4,36.8,24.7,35.0,ECMWF ERA5-Land Reanalysis (Open-Meteo) + IBM Capacity Quotas
MINE_10,Sitapatore / Sukli,Opencast,21.7,79.6667,2022-02,7700.0,7599.8,100.2,1.3,1.5,27.6,29.3,35.16,ECMWF ERA5-Land Reanalysis (Open-Meteo) + IBM Capacity Quotas
MINE_10,Sitapatore / Sukli,Opencast,21.7,79.6667,2022-03,7700.0,7547.5,152.5,1.98,0.5,24.6,37.0,35.28,ECMWF ERA5-Land Reanalysis (Open-Meteo) + IBM Capacity Quotas
MINE_10,Sitapatore / Sukli,Opencast,21.7,79.6667,2022-04,7000.0,6941.3,58.7,0.84,0.1,22.3,41.5,35.31,ECMWF ERA5-Land Reanalysis (Open-Meteo) + IBM Capacity Quotas
MINE_10,Sitapatore / Sukli,Opencast,21.7,79.6667,2022-05,7000.0,7075.2,-75.2,-1.07,2.9,23.4,41.2,35.25,ECMWF ERA5-Land Reanalysis (Open-Meteo) + IBM Capacity Quotas
MINE_10,Sitapatore / Sukli,Opencast,21.7,79.6667,2022-06,7000.0,6780.0,220.0,3.14,156.4,36.4,36.9,35.09,ECMWF ERA5-Land Reanalysis (Open-Meteo) + IBM Capacity Quotas
MINE_10,Sitapatore / Sukli,Opencast,21.7,79.6667,2022-07,6300.0,3842.8,2457.2,39.0,668.1,50.3,29.9,34.88,ECMWF ERA5-Land Reanalysis (Open-Meteo) + IBM Capacity Quotas
MINE_10,Sitapatore / Sukli,Opencast,21.7,79.6667,2022-08,6300.0,4373.6,1926.4,30.58,518.3,48.6,30.2,34.66,ECMWF ERA5-Land Reanalysis (Open-Meteo) + IBM Capacity Quotas
MINE_10,Sitapatore / Sukli,Opencast,21.7,79.6667,2022-09,7000.0,6063.1,936.9,13.38,228.6,46.9,30.6,34.46,ECMWF ERA5-Land Reanalysis (Open-Meteo) + IBM Capacity Quotas
MINE_10,Sitapatore / Sukli,Opencast,21.7,79.6667,2022-10,7000.0,6536.5,463.5,6.62,146.0,41.4,29.8,34.35,ECMWF ERA5-Land Reanalysis (Open-Meteo) + IBM Capacity Quotas
MINE_10,Sitapatore / Sukli,Opencast,21.7,79.6667,2022-11,7000.0,7039.2,-39.2,-0.56,0.0,28.2,28.9,34.32,ECMWF ERA5-Land Reanalysis (Open-Meteo) + IBM Capacity Quotas
MINE_10,Sitapatore / Sukli,Opencast,21.7,79.6667,2022-12,7000.0,7134.3,-134.3,-1.92,7.0,26.4,28.7,34.4,ECMWF ERA5-Land Reanalysis (Open-Meteo) + IBM Capacity Quotas
MINE_10,Sitapatore / Sukli,Opencast,21.7,79.6667,2023-01,7700.0,7816.5,-116.5,-1.51,0.2,27.9,27.5,34.54,ECMWF ERA5-Land Reanalysis (Open-Meteo) + IBM Capacity Quotas
MINE_10,Sitapatore / Sukli,Opencast,21.7,79.6667,2023-02,7700.0,7678.1,21.9,0.28,0.0,25.7,31.9,34.71,ECMWF ERA5-Land Reanalysis (Open-Meteo) + IBM Capacity Quotas
MINE_10,Sitapatore / Sukli,Opencast,21.7,79.6667,2023-03,7700.0,7559.9,140.1,1.82,16.6,27.3,33.3,34.85,ECMWF ERA5-Land Reanalysis (Open-Meteo) + IBM Capacity Quotas
MINE_10,Sitapatore / Sukli,Opencast,21.7,79.6667,2023-04,7000.0,6875.4,124.6,1.78,81.6,30.4,35.9,34.94,ECMWF ERA5-Land Reanalysis (Open-Meteo) + IBM Capacity Quotas
MINE_10,Sitapatore / Sukli,Opencast,21.7,79.6667,2023-05,7000.0,7000.1,-0.1,-0.0,31.8,32.3,37.5,34.93,ECMWF ERA5-Land Reanalysis (Open-Meteo) + IBM Capacity Quotas
MINE_10,Sitapatore / Sukli,Opencast,21.7,79.6667,2023-06,7000.0,6483.7,516.3,7.38,223.2,33.0,37.0,34.82,ECMWF ERA5-Land Reanalysis (Open-Meteo) + IBM Capacity Quotas
MINE_10,Sitapatore / Sukli,Opencast,21.7,79.6667,2023-07,6300.0,4330.9,1969.1,31.26,555.4,49.5,31.5,34.64,ECMWF ERA5-Land Reanalysis (Open-Meteo) + IBM Capacity Quotas
MINE_10,Sitapatore / Sukli,Opencast,21.7,79.6667,2023-08,6300.0,5398.6,901.4,14.31,278.0,46.1,31.6,34.42,ECMWF ERA5-Land Reanalysis (Open-Meteo) + IBM Capacity Quotas
MINE_10,Sitapatore / Sukli,Opencast,21.7,79.6667,2023-09,7000.0,5397.1,1602.9,22.9,391.7,46.6,31.2,34.2,ECMWF ERA5-Land Reanalysis (Open-Meteo) + IBM Capacity Quotas
MINE_10,Sitapatore / Sukli,Opencast,21.7,79.6667,2023-10,7000.0,6865.8,134.2,1.92,3.8,31.4,32.7,34.04,ECMWF ERA5-Land Reanalysis (Open-Meteo) + IBM Capacity Quotas
MINE_10,Sitapatore / Sukli,Opencast,21.7,79.6667,2023-11,7000.0,6961.0,39.0,0.56,47.2,27.8,30.2,33.96,ECMWF ERA5-Land Reanalysis (Open-Meteo) + IBM Capacity Quotas
MINE_10,Sitapatore / Sukli,Opencast,21.7,79.6667,2023-12,7000.0,7092.1,-92.1,-1.32,11.2,30.6,27.6,33.98,ECMWF ERA5-Land Reanalysis (Open-Meteo) + IBM Capacity Quotas
MINE_10,Sitapatore / Sukli,Opencast,21.7,79.6667,2024-01,7700.0,7852.3,-152.3,-1.98,24.1,30.2,27.9,34.09,ECMWF ERA5-Land Reanalysis (Open-Meteo) + IBM Capacity Quotas
MINE_10,Sitapatore / Sukli,Opencast,21.7,79.6667,2024-02,7700.0,7763.3,-63.3,-0.82,36.1,29.4,30.8,34.24,ECMWF ERA5-Land Reanalysis (Open-Meteo) + IBM Capacity Quotas
MINE_10,Sitapatore / Sukli,Opencast,21.7,79.6667,2024-03,7700.0,7616.1,83.9,1.09,25.8,30.0,35.1,34.41,ECMWF ERA5-Land Reanalysis (Open-Meteo) + IBM Capacity Quotas
MINE_10,Sitapatore / Sukli,Opencast,21.7,79.6667,2024-04,7000.0,6860.0,140.0,2.0,51.6,31.0,38.1,34.53,ECMWF ERA5-Land Reanalysis (Open-Meteo) + IBM Capacity Quotas
MINE_10,Sitapatore / Sukli,Opencast,21.7,79.6667,2024-05,7000.0,6925.0,75.0,1.07,15.1,28.2,39.4,34.58,ECMWF ERA5-Land Reanalysis (Open-Meteo) + IBM Capacity Quotas
MINE_10,Sitapatore / Sukli,Opencast,21.7,79.6667,2024-06,7000.0,6522.7,477.3,6.82,183.0,40.9,36.3,34.53,ECMWF ERA5-Land Reanalysis (Open-Meteo) + IBM Capacity Quotas
MINE_10,Sitapatore / Sukli,Opencast,21.7,79.6667,2024-07,6300.0,4376.6,1923.4,30.53,544.0,50.0,30.9,34.39,ECMWF ERA5-Land Reanalysis (Open-Meteo) + IBM Capacity Quotas
MINE_10,Sitapatore / Sukli,Opencast,21.7,79.6667,2024-08,6300.0,4925.1,1374.9,21.82,400.2,49.5,29.8,34.18,ECMWF ERA5-Land Reanalysis (Open-Meteo) + IBM Capacity Quotas
MINE_10,Sitapatore / Sukli,Opencast,21.7,79.6667,2024-09,7000.0,5458.8,1541.2,22.02,386.6,47.4,30.8,33.95,ECMWF ERA5-Land Reanalysis (Open-Meteo) + IBM Capacity Quotas
MINE_10,Sitapatore / Sukli,Opencast,21.7,79.6667,2024-10,7000.0,6832.9,167.1,2.39,26.6,37.4,32.2,33.75,ECMWF ERA5-Land Reanalysis (Open-Meteo) + IBM Capacity Quotas
MINE_10,Sitapatore / Sukli,Opencast,21.7,79.6667,2024-11,7000.0,6894.9,105.1,1.5,0.0,26.5,29.6,33.62,ECMWF ERA5-Land Reanalysis (Open-Meteo) + IBM Capacity Quotas
MINE_10,Sitapatore / Sukli,Opencast,21.7,79.6667,2024-12,7000.0,7021.1,-21.1,-0.3,6.9,24.3,28.2,33.59,ECMWF ERA5-Land Reanalysis (Open-Meteo) + IBM Capacity Quotas
