mine_id,mine_name,mine_type,year_month,planned_output_tonnes,actual_output_tonnes,shortfall_tonnes,shortfall_pct,equipment_downtime_hours,rainfall_mm,blasting_delays_count,workforce_availability_pct,ore_grade_pct
MINE_01,Balaghat (Bharveli),Underground,2022-01,26353.4,25002.6,1350.9,5.13,25.3,1.4,3,86.2,39.25
MINE_02,Dongri Buzurg,Opencast,2022-01,21159.4,19098.9,2060.4,9.74,61.7,13.3,2,86.6,37.2
MINE_03,Tirodi,Opencast,2022-01,17915.9,16784.6,1131.4,6.31,58.7,30.2,2,94.9,38.37
MINE_04,Chikla,Underground,2022-01,15839.5,15055.8,783.7,4.95,64.6,22.8,0,95.9,41.63
MINE_05,Kandri,Underground,2022-01,15151.3,14133.3,1018.0,6.72,63.5,45.7,0,79.7,40.53
MINE_06,Ukwa,Underground,2022-01,14494.0,13011.4,1482.6,10.23,65.4,32.7,1,86.3,38.87
MINE_07,Munsar,Underground,2022-01,13459.7,11597.7,1861.9,13.83,57.1,8.2,2,88.0,37.06
MINE_08,Gumgaon,Underground,2022-01,11609.0,10766.9,842.1,7.25,23.3,36.5,1,77.5,37.14
MINE_09,Beldongri,Underground,2022-01,9513.0,8880.1,632.8,6.65,43.7,47.5,1,84.6,38.31
MINE_10,Sitapatore / Sukli,Opencast,2022-01,7314.2,6920.2,394.0,5.39,53.1,25.4,2,92.1,39.91
MINE_01,Balaghat (Bharveli),Underground,2022-02,25926.1,23329.6,2596.5,10.01,54.6,10.5,2,80.8,37.3
MINE_02,Dongri Buzurg,Opencast,2022-02,21817.0,19348.0,2469.0,11.32,67.2,13.5,3,85.4,37.17
MINE_03,Tirodi,Opencast,2022-02,18093.6,16427.7,1665.9,9.21,37.7,31.5,3,83.9,37.5
MINE_04,Chikla,Underground,2022-02,16188.9,14072.2,2116.7,13.07,64.0,17.1,3,89.6,37.2
MINE_05,Kandri,Underground,2022-02,14620.8,13505.8,1114.9,7.63,71.6,6.5,1,86.0,37.83
MINE_06,Ukwa,Underground,2022-02,13901.7,12414.8,1487.0,10.7,50.5,41.5,3,90.5,39.17
MINE_07,Munsar,Underground,2022-02,12715.7,11583.5,1132.2,8.9,57.8,10.0,3,87.8,40.06
MINE_08,Gumgaon,Underground,2022-02,10653.1,10463.8,189.3,1.78,18.7,15.4,1,83.2,36.9
MINE_09,Beldongri,Underground,2022-02,8431.4,7494.0,937.4,11.12,16.4,49.4,2,79.3,37.73
MINE_10,Sitapatore / Sukli,Opencast,2022-02,6456.8,5457.0,999.8,15.48,66.1,29.3,3,77.1,39.15
MINE_01,Balaghat (Bharveli),Underground,2022-03,24459.8,22480.4,1979.4,8.09,49.8,45.5,3,87.5,39.33
MINE_02,Dongri Buzurg,Opencast,2022-03,21346.9,19226.7,2120.2,9.93,34.4,33.5,3,75.8,39.24
MINE_03,Tirodi,Opencast,2022-03,18015.7,16629.3,1386.4,7.7,47.8,47.3,1,86.4,39.19
MINE_04,Chikla,Underground,2022-03,15196.4,13715.4,1481.0,9.75,33.8,12.3,2,88.4,39.29
MINE_05,Kandri,Underground,2022-03,14874.1,12866.1,2007.9,13.5,67.3,40.8,3,90.2,37.56
MINE_06,Ukwa,Underground,2022-03,14288.4,12997.7,1290.7,9.03,40.8,16.1,2,74.7,38.39
MINE_07,Munsar,Underground,2022-03,13093.4,12200.4,892.9,6.82,33.8,22.7,1,84.4,39.15
MINE_08,Gumgaon,Underground,2022-03,11683.2,10451.5,1231.7,10.54,45.9,23.1,2,74.2,38.2
MINE_09,Beldongri,Underground,2022-03,9046.8,8662.6,384.2,4.25,40.5,18.5,0,80.4,39.74
MINE_10,Sitapatore / Sukli,Opencast,2022-03,6614.4,6299.5,314.8,4.76,29.0,36.4,0,71.4,39.99
MINE_01,Balaghat (Bharveli),Underground,2022-04,25947.3,24969.8,977.5,3.77,24.0,36.6,1,89.7,37.52
MINE_02,Dongri Buzurg,Opencast,2022-04,21815.3,19626.2,2189.1,10.03,22.5,47.8,3,84.4,40.56
MINE_03,Tirodi,Opencast,2022-04,17346.8,15584.7,1762.0,10.16,50.5,15.4,3,83.6,36.17
MINE_04,Chikla,Underground,2022-04,15626.8,14097.5,1529.2,9.79,61.4,34.1,1,91.7,37.52
MINE_05,Kandri,Underground,2022-04,14581.1,12815.5,1765.6,12.11,71.6,38.1,3,78.2,37.21
MINE_06,Ukwa,Underground,2022-04,14925.8,13664.3,1261.5,8.45,71.4,5.0,2,81.5,37.79
MINE_07,Munsar,Underground,2022-04,13876.0,12421.4,1454.6,10.48,65.0,43.2,0,82.1,38.96
MINE_08,Gumgaon,Underground,2022-04,11481.9,10181.3,1300.6,11.33,23.3,10.7,1,75.3,36.88
MINE_09,Beldongri,Underground,2022-04,9059.1,7888.2,1170.9,12.93,55.1,37.8,3,92.9,38.23
MINE_10,Sitapatore / Sukli,Opencast,2022-04,6525.5,5809.9,715.5,10.96,71.8,1.9,1,80.3,37.77
MINE_01,Balaghat (Bharveli),Underground,2022-05,25444.5,22920.2,2524.3,9.92,70.4,10.4,2,81.8,35.79
MINE_02,Dongri Buzurg,Opencast,2022-05,22239.1,21062.0,1177.1,5.29,35.3,26.4,0,82.0,36.99
MINE_03,Tirodi,Opencast,2022-05,18753.8,17853.3,900.4,4.8,22.2,19.8,1,89.8,36.88
MINE_04,Chikla,Underground,2022-05,15385.5,14405.1,980.3,6.37,57.9,35.2,0,81.0,39.9
MINE_05,Kandri,Underground,2022-05,14724.6,14833.2,-108.6,-0.74,32.8,14.0,0,86.7,39.13
MINE_06,Ukwa,Underground,2022-05,13713.4,12542.9,1170.5,8.54,45.2,41.7,3,92.3,40.09
MINE_07,Munsar,Underground,2022-05,13705.7,12751.9,953.7,6.96,46.9,44.7,2,86.7,39.53
MINE_08,Gumgaon,Underground,2022-05,11231.9,10659.5,572.4,5.1,61.1,36.1,0,85.0,39.2
MINE_09,Beldongri,Underground,2022-05,8459.4,8079.5,380.0,4.49,27.6,44.3,0,87.8,38.0
MINE_10,Sitapatore / Sukli,Opencast,2022-05,6293.5,5655.4,638.2,10.14,45.8,22.6,1,85.1,36.78
MINE_01,Balaghat (Bharveli),Underground,2022-06,24012.2,19206.7,4805.5,20.01,96.5,268.0,5,77.7,35.78
MINE_02,Dongri Buzurg,Opencast,2022-06,22312.7,12072.9,10239.9,45.89,128.5,565.9,8,81.5,38.15
MINE_03,Tirodi,Opencast,2022-06,16973.7,8792.1,8181.7,48.2,70.5,616.1,11,93.9,37.68
MINE_04,Chikla,Underground,2022-06,15449.0,11666.2,3782.8,24.49,126.3,157.9,11,93.8,38.03
MINE_05,Kandri,Underground,2022-06,14951.2,11102.4,3848.8,25.74,76.3,306.4,10,96.0,37.5
MINE_06,Ukwa,Underground,2022-06,14212.0,11618.0,2594.1,18.25,99.9,316.7,6,88.5,37.42
MINE_07,Munsar,Underground,2022-06,12570.8,10658.4,1912.4,15.21,113.4,156.8,4,89.3,37.61
MINE_08,Gumgaon,Underground,2022-06,11115.8,7122.1,3993.7,35.93,118.1,349.5,9,92.7,37.85
MINE_09,Beldongri,Underground,2022-06,8386.2,5753.4,2632.7,31.39,172.5,374.1,4,75.9,37.42
MINE_10,Sitapatore / Sukli,Opencast,2022-06,6343.3,2854.5,3488.8,55.0,84.9,511.4,6,81.2,35.96
MINE_01,Balaghat (Bharveli),Underground,2022-07,25754.9,17874.6,7880.3,30.6,169.9,359.7,11,91.1,37.96
MINE_02,Dongri Buzurg,Opencast,2022-07,22132.8,11628.6,10504.2,47.46,174.6,515.1,9,93.6,37.96
MINE_03,Tirodi,Opencast,2022-07,17349.7,9331.2,8018.5,46.22,100.9,610.1,6,75.0,36.43
MINE_04,Chikla,Underground,2022-07,15850.6,11932.6,3918.0,24.72,125.6,366.5,5,75.9,38.12
MINE_05,Kandri,Underground,2022-07,15470.1,12437.8,3032.2,19.6,69.0,339.3,7,94.1,38.65
MINE_06,Ukwa,Underground,2022-07,13846.0,9726.8,4119.2,29.75,91.6,397.7,10,87.5,36.54
MINE_07,Munsar,Underground,2022-07,12972.8,10276.1,2696.8,20.79,61.4,304.2,4,89.5,38.12
MINE_08,Gumgaon,Underground,2022-07,10527.5,6882.8,3644.7,34.62,175.7,369.0,9,94.6,38.03
MINE_09,Beldongri,Underground,2022-07,8902.1,6160.6,2741.6,30.8,75.8,234.9,7,88.9,36.97
MINE_10,Sitapatore / Sukli,Opencast,2022-07,7033.7,3165.2,3868.6,55.0,142.7,617.8,7,91.0,38.37
MINE_01,Balaghat (Bharveli),Underground,2022-08,25111.3,20249.1,4862.2,19.36,127.0,237.1,4,76.7,36.79
MINE_02,Dongri Buzurg,Opencast,2022-08,22406.9,14006.9,8399.9,37.49,177.2,407.4,5,91.3,38.13
MINE_03,Tirodi,Opencast,2022-08,17402.7,10264.7,7138.0,41.02,120.1,387.5,9,83.5,37.45
MINE_04,Chikla,Underground,2022-08,16333.3,12140.1,4193.1,25.67,151.9,261.8,10,85.0,38.8
MINE_05,Kandri,Underground,2022-08,14748.6,11673.2,3075.4,20.85,94.5,220.8,8,93.0,38.81
MINE_06,Ukwa,Underground,2022-08,13427.6,10371.8,3055.8,22.76,107.6,335.6,6,86.8,39.29
MINE_07,Munsar,Underground,2022-08,12656.8,9612.9,3043.9,24.05,73.6,218.5,11,95.2,36.46
MINE_08,Gumgaon,Underground,2022-08,11051.7,7038.0,4013.7,36.32,162.3,360.9,10,75.3,38.53
MINE_09,Beldongri,Underground,2022-08,9581.1,6542.4,3038.7,31.72,150.9,352.0,5,81.8,40.22
MINE_10,Sitapatore / Sukli,Opencast,2022-08,6519.3,3221.6,3297.8,50.58,63.4,335.2,10,89.9,38.98
MINE_01,Balaghat (Bharveli),Underground,2022-09,24354.5,16868.2,7486.3,30.74,160.8,374.7,10,75.0,37.49
MINE_02,Dongri Buzurg,Opencast,2022-09,22768.0,13684.8,9083.2,39.89,107.7,540.3,8,85.0,35.94
MINE_03,Tirodi,Opencast,2022-09,17569.1,10227.7,7341.4,41.79,150.4,497.8,5,93.3,39.25
MINE_04,Chikla,Underground,2022-09,16480.9,12305.6,4175.3,25.33,93.6,282.4,10,94.8,35.21
MINE_05,Kandri,Underground,2022-09,14554.7,11427.7,3126.9,21.48,91.6,306.9,7,80.7,34.16
MINE_06,Ukwa,Underground,2022-09,14320.4,10706.8,3613.5,25.23,159.8,208.6,7,85.4,37.86
MINE_07,Munsar,Underground,2022-09,12918.7,9522.4,3396.2,26.29,138.9,349.7,7,83.9,36.5
MINE_08,Gumgaon,Underground,2022-09,10373.4,7198.2,3175.2,30.61,126.9,381.2,11,95.5,37.27
MINE_09,Beldongri,Underground,2022-09,9768.3,7802.0,1966.3,20.13,102.5,267.1,4,78.0,35.23
MINE_10,Sitapatore / Sukli,Opencast,2022-09,7148.0,3526.5,3621.5,50.66,67.8,308.8,11,86.1,35.49
MINE_01,Balaghat (Bharveli),Underground,2022-10,24836.7,22651.6,2185.1,8.8,63.0,20.9,3,90.8,40.03
MINE_02,Dongri Buzurg,Opencast,2022-10,22195.9,20368.5,1827.4,8.23,35.2,15.8,0,75.6,38.81
MINE_03,Tirodi,Opencast,2022-10,18571.4,16629.5,1941.9,10.46,54.2,25.0,3,75.0,38.19
MINE_04,Chikla,Underground,2022-10,16836.1,14532.7,2303.4,13.68,73.3,29.5,0,75.6,38.53
MINE_05,Kandri,Underground,2022-10,14515.9,13665.3,850.6,5.86,22.2,4.2,2,82.0,37.58
MINE_06,Ukwa,Underground,2022-10,14317.9,12233.6,2084.3,14.56,61.6,36.4,3,78.4,37.4
MINE_07,Munsar,Underground,2022-10,12541.2,11987.8,553.3,4.41,28.8,30.2,0,82.6,37.69
MINE_08,Gumgaon,Underground,2022-10,11462.3,10291.7,1170.6,10.21,39.5,9.0,2,73.8,37.79
MINE_09,Beldongri,Underground,2022-10,8637.1,8367.8,269.3,3.12,38.1,33.9,1,79.4,39.93
MINE_10,Sitapatore / Sukli,Opencast,2022-10,7313.1,6447.0,866.2,11.84,25.1,2.9,3,89.9,39.5
MINE_01,Balaghat (Bharveli),Underground,2022-11,24566.6,22536.0,2030.6,8.27,29.6,18.3,3,71.7,36.47
MINE_02,Dongri Buzurg,Opencast,2022-11,22425.6,19885.4,2540.2,11.33,22.4,33.3,1,76.2,36.07
MINE_03,Tirodi,Opencast,2022-11,17629.8,15276.5,2353.4,13.35,67.9,49.8,2,78.0,37.63
MINE_04,Chikla,Underground,2022-11,16336.2,14907.4,1428.8,8.75,57.3,17.9,0,70.5,35.86
MINE_05,Kandri,Underground,2022-11,14551.5,13131.3,1420.1,9.76,17.5,11.7,3,80.9,37.77
MINE_06,Ukwa,Underground,2022-11,14446.9,13021.9,1425.1,9.86,44.5,48.9,0,74.2,38.54
MINE_07,Munsar,Underground,2022-11,12455.3,10585.5,1869.8,15.01,62.8,45.2,2,85.5,39.75
MINE_08,Gumgaon,Underground,2022-11,9848.9,8679.8,1169.1,11.87,50.9,33.7,1,70.9,36.31
MINE_09,Beldongri,Underground,2022-11,9304.9,8727.4,577.5,6.21,18.4,37.3,2,81.2,36.6
MINE_10,Sitapatore / Sukli,Opencast,2022-11,6905.2,5610.7,1294.5,18.75,19.6,39.6,3,78.5,37.34
MINE_01,Balaghat (Bharveli),Underground,2022-12,24437.9,22759.6,1678.4,6.87,62.0,8.0,2,91.9,37.85
MINE_02,Dongri Buzurg,Opencast,2022-12,22150.3,20665.3,1485.0,6.7,50.2,6.9,0,81.5,37.59
MINE_03,Tirodi,Opencast,2022-12,18020.7,16206.4,1814.3,10.07,68.0,9.9,1,82.6,38.03
MINE_04,Chikla,Underground,2022-12,16192.2,14253.1,1939.0,11.98,32.9,48.3,3,81.8,38.22
MINE_05,Kandri,Underground,2022-12,15318.3,14312.6,1005.7,6.57,51.3,28.8,1,92.6,34.32
MINE_06,Ukwa,Underground,2022-12,14058.7,13246.9,811.8,5.77,32.9,39.9,0,77.2,36.57
MINE_07,Munsar,Underground,2022-12,13844.3,13021.8,822.5,5.94,73.3,22.5,3,82.1,35.83
MINE_08,Gumgaon,Underground,2022-12,10517.7,10017.5,500.1,4.76,41.6,18.3,1,88.5,37.63
MINE_09,Beldongri,Underground,2022-12,8738.8,8850.3,-111.6,-1.28,19.1,27.0,0,92.9,36.27
MINE_10,Sitapatore / Sukli,Opencast,2022-12,6827.4,6768.8,58.6,0.86,34.3,18.2,3,78.7,36.54
MINE_01,Balaghat (Bharveli),Underground,2023-01,25051.4,24550.5,501.0,2.0,16.0,6.5,2,96.0,36.0
MINE_02,Dongri Buzurg,Opencast,2023-01,21387.9,20351.5,1036.5,4.85,19.1,36.1,0,93.2,38.72
MINE_03,Tirodi,Opencast,2023-01,19264.6,16689.2,2575.4,13.37,56.3,48.4,3,79.9,34.59
MINE_04,Chikla,Underground,2023-01,15481.6,13620.5,1861.1,12.02,45.7,24.0,1,75.5,36.3
MINE_05,Kandri,Underground,2023-01,14675.5,12815.5,1860.0,12.67,74.5,41.0,3,80.2,35.24
MINE_06,Ukwa,Underground,2023-01,13864.1,12584.1,1280.0,9.23,39.5,4.1,1,84.4,36.35
MINE_07,Munsar,Underground,2023-01,13038.9,12230.1,808.8,6.2,15.4,22.6,0,89.8,37.74
MINE_08,Gumgaon,Underground,2023-01,10874.2,9672.8,1201.4,11.05,31.0,26.2,2,91.4,36.98
MINE_09,Beldongri,Underground,2023-01,8374.5,7482.1,892.4,10.66,53.8,21.5,3,87.8,35.78
MINE_10,Sitapatore / Sukli,Opencast,2023-01,6829.0,5741.0,1088.0,15.93,57.7,24.7,2,81.5,37.9
MINE_01,Balaghat (Bharveli),Underground,2023-02,24964.2,23893.3,1070.9,4.29,33.1,31.6,0,92.9,37.56
MINE_02,Dongri Buzurg,Opencast,2023-02,22133.0,20213.2,1919.8,8.67,15.4,45.4,1,82.9,36.13
MINE_03,Tirodi,Opencast,2023-02,18379.1,15911.7,2467.4,13.43,50.5,42.2,2,83.9,37.58
MINE_04,Chikla,Underground,2023-02,15098.1,14267.5,830.6,5.5,17.6,19.7,1,91.9,37.8
MINE_05,Kandri,Underground,2023-02,14929.4,13685.5,1243.9,8.33,74.0,14.4,1,88.6,37.66
MINE_06,Ukwa,Underground,2023-02,13322.5,12356.1,966.4,7.25,33.0,36.6,3,80.2,36.91
MINE_07,Munsar,Underground,2023-02,12734.1,11374.2,1359.9,10.68,66.3,21.2,1,87.1,37.89
MINE_08,Gumgaon,Underground,2023-02,11802.1,11197.1,605.1,5.13,20.7,40.5,0,93.8,36.5
MINE_09,Beldongri,Underground,2023-02,8731.3,8104.1,627.2,7.18,31.4,22.4,1,88.5,37.52
MINE_10,Sitapatore / Sukli,Opencast,2023-02,6940.1,6010.5,929.5,13.39,44.0,16.3,3,85.3,37.78
MINE_01,Balaghat (Bharveli),Underground,2023-03,25277.5,23096.5,2181.1,8.63,68.3,46.8,0,85.8,36.96
MINE_02,Dongri Buzurg,Opencast,2023-03,22045.5,19597.1,2448.4,11.11,64.5,13.5,2,76.7,38.3
MINE_03,Tirodi,Opencast,2023-03,17824.2,16240.9,1583.2,8.88,66.5,47.2,3,87.1,33.14
MINE_04,Chikla,Underground,2023-03,16110.2,14623.8,1486.5,9.23,29.9,47.1,2,75.6,38.0
MINE_05,Kandri,Underground,2023-03,14219.9,12473.9,1746.0,12.28,74.1,37.2,3,72.1,36.81
MINE_06,Ukwa,Underground,2023-03,13482.6,12198.3,1284.4,9.53,61.8,3.1,2,88.2,38.58
MINE_07,Munsar,Underground,2023-03,12772.3,12080.8,691.5,5.41,41.4,28.0,2,85.0,37.16
MINE_08,Gumgaon,Underground,2023-03,11129.7,9982.7,1147.1,10.31,71.3,26.8,3,83.5,39.1
MINE_09,Beldongri,Underground,2023-03,9822.7,8992.9,829.9,8.45,31.2,33.7,1,83.5,38.97
MINE_10,Sitapatore / Sukli,Opencast,2023-03,7207.8,6910.1,297.7,4.13,45.4,17.4,0,74.1,34.83
MINE_01,Balaghat (Bharveli),Underground,2023-04,24849.3,22763.0,2086.3,8.4,31.4,7.5,2,85.8,37.72
MINE_02,Dongri Buzurg,Opencast,2023-04,21708.8,19897.2,1811.6,8.35,73.2,39.6,0,89.1,37.02
MINE_03,Tirodi,Opencast,2023-04,17739.4,16740.1,999.3,5.63,35.9,3.3,1,94.9,37.2
MINE_04,Chikla,Underground,2023-04,15935.1,14173.3,1761.7,11.06,42.8,2.0,3,75.3,36.26
MINE_05,Kandri,Underground,2023-04,14915.8,13803.4,1112.4,7.46,40.2,28.9,1,95.1,37.4
MINE_06,Ukwa,Underground,2023-04,13966.1,12061.3,1904.8,13.64,65.8,0.4,2,79.6,37.27
MINE_07,Munsar,Underground,2023-04,13351.0,12150.7,1200.2,8.99,54.3,25.6,0,89.7,38.49
MINE_08,Gumgaon,Underground,2023-04,11472.0,9891.7,1580.3,13.77,46.5,27.0,3,84.9,36.47
MINE_09,Beldongri,Underground,2023-04,9584.6,9070.0,514.6,5.37,66.6,28.5,0,87.7,36.91
MINE_10,Sitapatore / Sukli,Opencast,2023-04,7087.3,5772.7,1314.6,18.55,41.2,35.0,3,86.6,36.32
MINE_01,Balaghat (Bharveli),Underground,2023-05,25626.5,23857.3,1769.2,6.9,71.0,34.2,1,93.8,37.58
MINE_02,Dongri Buzurg,Opencast,2023-05,21677.9,19465.6,2212.3,10.21,43.4,41.4,1,82.6,38.02
MINE_03,Tirodi,Opencast,2023-05,18503.8,16724.1,1779.7,9.62,47.5,34.8,3,91.8,38.64
MINE_04,Chikla,Underground,2023-05,15902.9,14240.9,1661.9,10.45,72.8,13.4,2,85.5,38.52
MINE_05,Kandri,Underground,2023-05,15863.9,14279.7,1584.2,9.99,47.0,33.2,3,92.5,37.64
MINE_06,Ukwa,Underground,2023-05,13690.9,12028.3,1662.6,12.14,68.7,39.8,2,85.2,37.59
MINE_07,Munsar,Underground,2023-05,12599.7,11038.4,1561.3,12.39,68.7,13.6,0,78.7,35.83
MINE_08,Gumgaon,Underground,2023-05,10973.1,10767.0,206.1,1.88,63.5,21.4,0,90.0,36.77
MINE_09,Beldongri,Underground,2023-05,9860.3,9424.2,436.1,4.42,32.6,15.0,0,92.6,35.24
MINE_10,Sitapatore / Sukli,Opencast,2023-05,7508.9,6660.4,848.5,11.3,34.9,31.5,3,86.6,35.59
MINE_01,Balaghat (Bharveli),Underground,2023-06,25219.0,21106.1,4112.9,16.31,74.1,214.5,5,77.5,36.46
MINE_02,Dongri Buzurg,Opencast,2023-06,22336.5,12608.7,9727.8,43.55,96.5,618.9,7,94.9,35.91
MINE_03,Tirodi,Opencast,2023-06,17745.5,8776.0,8969.5,50.55,119.1,601.8,11,81.4,36.48
MINE_04,Chikla,Underground,2023-06,15096.2,11700.9,3395.3,22.49,98.3,351.7,6,80.1,35.73
MINE_05,Kandri,Underground,2023-06,15415.5,12880.4,2535.1,16.44,86.8,181.9,5,85.0,35.37
MINE_06,Ukwa,Underground,2023-06,13805.0,10486.3,3318.7,24.04,109.0,305.3,7,77.9,38.33
MINE_07,Munsar,Underground,2023-06,13107.6,10679.9,2427.6,18.52,88.0,357.0,4,95.9,34.46
MINE_08,Gumgaon,Underground,2023-06,10981.7,7789.7,3192.0,29.07,112.4,363.8,8,81.3,35.93
MINE_09,Beldongri,Underground,2023-06,9773.9,5812.7,3961.2,40.53,137.5,278.9,11,90.6,36.26
MINE_10,Sitapatore / Sukli,Opencast,2023-06,7007.8,3153.5,3854.3,55.0,60.9,634.2,10,89.2,35.73
MINE_01,Balaghat (Bharveli),Underground,2023-07,25552.4,19984.4,5568.1,21.79,117.4,359.8,6,94.4,34.79
MINE_02,Dongri Buzurg,Opencast,2023-07,22105.7,13271.4,8834.3,39.96,160.0,397.9,8,89.6,36.34
MINE_03,Tirodi,Opencast,2023-07,17143.4,11056.9,6086.5,35.5,111.0,266.5,10,84.4,34.77
MINE_04,Chikla,Underground,2023-07,16332.3,11633.0,4699.3,28.77,154.2,364.1,9,93.4,37.61
MINE_05,Kandri,Underground,2023-07,14905.5,12366.2,2539.3,17.04,79.4,225.3,4,77.9,36.01
MINE_06,Ukwa,Underground,2023-07,13360.4,8103.5,5256.9,39.35,176.9,255.7,11,79.7,34.95
MINE_07,Munsar,Underground,2023-07,13852.9,10508.6,3344.3,24.14,116.2,202.7,9,93.6,35.6
MINE_08,Gumgaon,Underground,2023-07,11056.9,8446.9,2610.0,23.61,96.0,250.1,8,85.6,36.74
MINE_09,Beldongri,Underground,2023-07,8694.5,6971.5,1723.0,19.82,89.7,166.6,7,91.7,36.71
MINE_10,Sitapatore / Sukli,Opencast,2023-07,6241.8,2808.8,3433.0,55.0,142.6,620.4,7,84.8,35.53
MINE_01,Balaghat (Bharveli),Underground,2023-08,24976.0,19226.4,5749.6,23.02,143.1,313.9,9,91.7,36.56
MINE_02,Dongri Buzurg,Opencast,2023-08,22885.6,14165.3,8720.3,38.1,104.2,357.1,11,84.5,35.19
MINE_03,Tirodi,Opencast,2023-08,18170.5,10147.2,8023.3,44.16,73.4,628.2,6,77.5,37.47
MINE_04,Chikla,Underground,2023-08,15993.3,12869.9,3123.3,19.53,135.6,167.3,6,89.0,36.33
MINE_05,Kandri,Underground,2023-08,15321.2,11194.7,4126.5,26.93,143.4,353.0,6,79.4,37.9
MINE_06,Ukwa,Underground,2023-08,13230.8,9053.6,4177.2,31.57,68.3,334.7,11,76.0,36.3
MINE_07,Munsar,Underground,2023-08,13785.8,9639.4,4146.4,30.08,108.1,340.9,9,81.3,36.36
MINE_08,Gumgaon,Underground,2023-08,10772.7,8287.5,2485.2,23.07,155.5,224.6,5,93.4,34.73
MINE_09,Beldongri,Underground,2023-08,9098.6,6925.9,2172.7,23.88,90.8,261.9,4,76.1,36.37
MINE_10,Sitapatore / Sukli,Opencast,2023-08,6215.1,4483.3,1731.8,27.86,70.5,278.4,4,90.2,36.05
MINE_01,Balaghat (Bharveli),Underground,2023-09,24757.6,19430.1,5327.5,21.52,158.5,217.2,4,89.0,37.13
MINE_02,Dongri Buzurg,Opencast,2023-09,22061.8,14995.5,7066.4,32.03,110.7,275.7,10,92.8,35.16
MINE_03,Tirodi,Opencast,2023-09,16928.6,10160.9,6767.7,39.98,70.6,503.0,5,80.5,33.83
MINE_04,Chikla,Underground,2023-09,16163.5,11726.1,4437.4,27.45,90.4,366.7,10,77.3,35.49
MINE_05,Kandri,Underground,2023-09,14763.1,10549.5,4213.6,28.54,147.5,263.3,7,80.6,36.56
MINE_06,Ukwa,Underground,2023-09,14201.7,11036.7,3165.0,22.29,71.4,157.4,7,76.9,36.7
MINE_07,Munsar,Underground,2023-09,12596.0,8550.6,4045.3,32.12,148.6,374.1,6,78.4,37.05
MINE_08,Gumgaon,Underground,2023-09,11027.6,6869.1,4158.5,37.71,144.8,375.7,9,82.7,36.31
MINE_09,Beldongri,Underground,2023-09,9536.0,5921.1,3614.8,37.91,147.4,232.0,7,83.1,33.65
MINE_10,Sitapatore / Sukli,Opencast,2023-09,8099.9,4686.8,3413.1,42.14,63.6,501.2,7,90.4,37.21
MINE_01,Balaghat (Bharveli),Underground,2023-10,24598.9,22480.7,2118.2,8.61,43.3,38.9,0,85.5,37.64
MINE_02,Dongri Buzurg,Opencast,2023-10,21598.3,19964.2,1634.2,7.57,28.2,17.5,1,78.4,35.65
MINE_03,Tirodi,Opencast,2023-10,18094.1,16808.8,1285.3,7.1,24.7,28.6,2,90.3,36.45
MINE_04,Chikla,Underground,2023-10,15649.0,13827.6,1821.4,11.64,74.7,0.1,3,88.2,37.54
MINE_05,Kandri,Underground,2023-10,13877.2,12658.2,1219.0,8.78,50.4,20.4,0,72.5,37.79
MINE_06,Ukwa,Underground,2023-10,13066.7,11913.5,1153.2,8.83,59.4,43.5,0,88.6,37.1
MINE_07,Munsar,Underground,2023-10,13238.8,12345.5,893.4,6.75,28.9,26.3,1,85.7,36.67
MINE_08,Gumgaon,Underground,2023-10,11150.7,10414.7,736.0,6.6,52.3,19.4,1,75.2,35.35
MINE_09,Beldongri,Underground,2023-10,9410.2,8232.5,1177.6,12.51,28.4,9.0,2,75.1,37.86
MINE_10,Sitapatore / Sukli,Opencast,2023-10,7092.2,6063.7,1028.5,14.5,42.9,1.9,3,71.7,35.37
MINE_01,Balaghat (Bharveli),Underground,2023-11,25535.0,22931.9,2603.0,10.19,33.6,2.7,3,70.2,35.64
MINE_02,Dongri Buzurg,Opencast,2023-11,21635.8,21237.3,398.5,1.84,33.4,1.8,1,87.5,37.63
MINE_03,Tirodi,Opencast,2023-11,17187.2,15161.4,2025.8,11.79,46.3,35.4,0,75.7,34.65
MINE_04,Chikla,Underground,2023-11,15275.1,13727.6,1547.5,10.13,53.9,36.1,2,80.6,35.59
MINE_05,Kandri,Underground,2023-11,14837.1,13472.1,1365.0,9.2,43.2,31.5,3,90.6,32.84
MINE_06,Ukwa,Underground,2023-11,13659.3,12482.5,1176.9,8.62,56.8,7.5,3,84.6,34.93
MINE_07,Munsar,Underground,2023-11,13359.0,12875.2,483.8,3.62,32.7,34.6,0,90.4,34.38
MINE_08,Gumgaon,Underground,2023-11,9701.5,8937.4,764.1,7.88,34.1,2.2,0,87.7,34.66
MINE_09,Beldongri,Underground,2023-11,9469.7,8423.2,1046.5,11.05,42.9,24.0,2,86.4,37.75
MINE_10,Sitapatore / Sukli,Opencast,2023-11,7907.8,6979.2,928.6,11.74,42.1,35.6,2,85.4,36.95
MINE_01,Balaghat (Bharveli),Underground,2023-12,24861.5,23319.8,1541.7,6.2,24.7,10.2,2,80.9,35.57
MINE_02,Dongri Buzurg,Opencast,2023-12,22626.2,20589.0,2037.2,9.0,25.7,15.2,0,79.4,35.59
MINE_03,Tirodi,Opencast,2023-12,17256.8,15528.2,1728.5,10.02,63.9,1.9,1,91.9,34.25
MINE_04,Chikla,Underground,2023-12,15520.6,13805.1,1715.5,11.05,71.6,14.3,1,79.5,34.78
MINE_05,Kandri,Underground,2023-12,15451.9,13764.8,1687.1,10.92,56.7,49.2,3,75.5,36.08
MINE_06,Ukwa,Underground,2023-12,14006.6,13362.0,644.6,4.6,43.2,9.0,1,84.6,37.3
MINE_07,Munsar,Underground,2023-12,13807.4,13037.8,769.6,5.57,26.7,39.3,3,85.6,34.63
MINE_08,Gumgaon,Underground,2023-12,11406.6,10309.3,1097.3,9.62,64.2,21.4,1,82.4,33.79
MINE_09,Beldongri,Underground,2023-12,8894.0,8298.7,595.4,6.69,35.7,18.5,2,77.2,35.38
MINE_10,Sitapatore / Sukli,Opencast,2023-12,6871.7,5635.3,1236.4,17.99,36.8,30.8,2,78.6,35.25
MINE_01,Balaghat (Bharveli),Underground,2024-01,25073.6,22692.0,2381.6,9.5,62.8,24.2,3,82.3,36.01
MINE_02,Dongri Buzurg,Opencast,2024-01,21642.6,20351.7,1290.9,5.96,32.3,30.1,0,95.2,33.38
MINE_03,Tirodi,Opencast,2024-01,18016.6,17441.7,574.9,3.19,17.1,42.4,0,90.1,35.74
MINE_04,Chikla,Underground,2024-01,16386.8,14827.1,1559.7,9.52,48.1,38.0,1,75.9,36.16
MINE_05,Kandri,Underground,2024-01,15022.6,14289.0,733.6,4.88,22.9,44.2,2,79.6,33.07
MINE_06,Ukwa,Underground,2024-01,14217.7,12732.7,1485.0,10.44,58.8,29.5,2,82.2,34.63
MINE_07,Munsar,Underground,2024-01,12860.4,11844.0,1016.4,7.9,37.8,47.2,2,83.3,34.74
MINE_08,Gumgaon,Underground,2024-01,11697.0,11071.6,625.4,5.35,17.9,19.1,2,80.9,37.31
MINE_09,Beldongri,Underground,2024-01,8706.6,7735.8,970.8,11.15,32.7,36.8,0,78.0,36.01
MINE_10,Sitapatore / Sukli,Opencast,2024-01,6518.3,5700.0,818.3,12.55,28.7,48.1,3,93.5,35.47
MINE_01,Balaghat (Bharveli),Underground,2024-02,24709.7,24120.3,589.4,2.39,21.9,29.3,0,92.1,36.11
MINE_02,Dongri Buzurg,Opencast,2024-02,22572.9,20216.5,2356.4,10.44,47.3,14.4,3,75.5,36.8
MINE_03,Tirodi,Opencast,2024-02,16992.6,15846.6,1146.0,6.74,18.1,31.5,3,92.4,34.86
MINE_04,Chikla,Underground,2024-02,15757.8,14240.4,1517.4,9.63,35.7,35.3,1,76.1,35.78
MINE_05,Kandri,Underground,2024-02,14088.3,13508.3,580.0,4.12,29.5,49.5,2,81.4,37.67
MINE_06,Ukwa,Underground,2024-02,13858.9,13104.0,754.9,5.45,32.5,41.5,2,87.3,33.68
MINE_07,Munsar,Underground,2024-02,13460.3,12987.2,473.1,3.51,20.1,27.8,1,94.6,34.38
MINE_08,Gumgaon,Underground,2024-02,11618.8,10416.9,1201.8,10.34,48.0,49.9,1,91.3,34.56
MINE_09,Beldongri,Underground,2024-02,8890.2,8296.1,594.1,6.68,25.1,47.0,1,90.1,33.23
MINE_10,Sitapatore / Sukli,Opencast,2024-02,6487.0,5805.9,681.1,10.5,31.2,29.1,3,78.9,36.98
MINE_01,Balaghat (Bharveli),Underground,2024-03,25414.9,23220.8,2194.1,8.63,70.7,42.6,1,84.5,35.62
MINE_02,Dongri Buzurg,Opencast,2024-03,22170.8,20333.8,1837.0,8.29,24.0,49.7,2,70.7,34.71
MINE_03,Tirodi,Opencast,2024-03,18090.0,16017.6,2072.3,11.46,50.8,25.4,2,72.8,34.79
MINE_04,Chikla,Underground,2024-03,16812.1,15722.3,1089.8,6.48,40.6,49.1,1,73.0,35.06
MINE_05,Kandri,Underground,2024-03,15462.3,14762.6,699.8,4.53,31.8,49.4,3,86.6,35.76
MINE_06,Ukwa,Underground,2024-03,14582.9,13318.3,1264.6,8.67,59.6,38.5,1,73.1,32.35
MINE_07,Munsar,Underground,2024-03,11697.8,10413.1,1284.7,10.98,22.6,9.0,3,78.9,36.95
MINE_08,Gumgaon,Underground,2024-03,10288.2,9660.8,627.5,6.1,16.9,16.4,3,86.2,34.42
MINE_09,Beldongri,Underground,2024-03,9039.4,8362.2,677.2,7.49,52.5,3.2,1,78.0,37.66
MINE_10,Sitapatore / Sukli,Opencast,2024-03,6846.6,6820.0,26.6,0.39,35.2,22.9,0,88.5,36.37
MINE_01,Balaghat (Bharveli),Underground,2024-04,24034.3,21678.5,2355.8,9.8,73.9,22.7,3,88.3,33.59
MINE_02,Dongri Buzurg,Opencast,2024-04,22251.6,19222.5,3029.1,13.61,55.8,43.0,2,83.7,33.2
MINE_03,Tirodi,Opencast,2024-04,18856.0,17240.0,1616.0,8.57,64.5,42.4,2,95.4,36.39
MINE_04,Chikla,Underground,2024-04,16390.7,14275.4,2115.2,12.91,71.2,13.1,3,79.8,34.97
MINE_05,Kandri,Underground,2024-04,15143.2,14498.2,645.0,4.26,56.5,48.4,0,90.5,34.57
MINE_06,Ukwa,Underground,2024-04,14484.2,12716.1,1768.1,12.21,69.2,23.6,3,76.0,35.27
MINE_07,Munsar,Underground,2024-04,12998.9,12036.5,962.4,7.4,41.4,34.2,2,91.8,37.31
MINE_08,Gumgaon,Underground,2024-04,12014.8,11073.3,941.5,7.84,33.4,9.2,2,85.6,36.43
MINE_09,Beldongri,Underground,2024-04,8711.5,8688.7,22.8,0.26,37.4,5.8,0,87.8,35.6
MINE_10,Sitapatore / Sukli,Opencast,2024-04,7476.4,6705.9,770.6,10.31,33.5,22.0,1,75.8,34.24
MINE_01,Balaghat (Bharveli),Underground,2024-05,24518.3,23088.2,1430.2,5.83,42.3,42.2,2,94.6,35.27
MINE_02,Dongri Buzurg,Opencast,2024-05,21904.4,20384.1,1520.3,6.94,66.9,30.2,1,90.9,34.6
MINE_03,Tirodi,Opencast,2024-05,18109.3,16524.3,1585.0,8.75,39.4,0.1,2,77.3,33.81
MINE_04,Chikla,Underground,2024-05,16131.0,15266.5,864.5,5.36,45.5,21.2,1,88.0,36.37
MINE_05,Kandri,Underground,2024-05,15326.8,14068.5,1258.3,8.21,42.0,2.2,1,88.5,32.78
MINE_06,Ukwa,Underground,2024-05,13710.5,13061.0,649.4,4.74,41.5,34.0,0,90.9,34.44
MINE_07,Munsar,Underground,2024-05,13336.3,12189.8,1146.4,8.6,31.8,29.1,2,88.3,36.16
MINE_08,Gumgaon,Underground,2024-05,10218.9,9128.4,1090.4,10.67,29.3,18.6,1,93.7,35.6
MINE_09,Beldongri,Underground,2024-05,8561.1,7785.4,775.7,9.06,55.0,15.9,2,76.0,32.99
MINE_10,Sitapatore / Sukli,Opencast,2024-05,6686.1,6090.6,595.6,8.91,72.8,6.3,2,94.0,35.9
MINE_01,Balaghat (Bharveli),Underground,2024-06,24094.7,18534.2,5560.5,23.08,151.6,214.5,4,82.2,32.44
MINE_02,Dongri Buzurg,Opencast,2024-06,22251.4,13803.0,8448.4,37.97,67.7,562.3,5,91.3,36.08
MINE_03,Tirodi,Opencast,2024-06,18128.5,10136.5,7992.0,44.09,98.6,547.6,5,77.3,37.02
MINE_04,Chikla,Underground,2024-06,16181.4,13068.0,3113.3,19.24,77.5,182.1,11,85.0,32.82
MINE_05,Kandri,Underground,2024-06,15430.9,11466.3,3964.6,25.69,177.0,276.9,4,94.5,35.49
MINE_06,Ukwa,Underground,2024-06,15209.8,12063.1,3146.7,20.69,131.1,247.6,4,80.2,35.35
MINE_07,Munsar,Underground,2024-06,13329.9,10091.8,3238.1,24.29,92.6,189.8,10,82.5,35.63
MINE_08,Gumgaon,Underground,2024-06,10416.2,7542.8,2873.4,27.59,87.0,195.0,8,75.9,34.82
MINE_09,Beldongri,Underground,2024-06,9408.8,6210.8,3198.0,33.99,150.4,162.3,11,84.5,36.14
MINE_10,Sitapatore / Sukli,Opencast,2024-06,7358.2,4296.1,3062.0,41.61,82.7,415.4,5,87.9,36.52
MINE_01,Balaghat (Bharveli),Underground,2024-07,25473.3,20559.3,4914.0,19.29,84.7,270.1,5,82.7,35.17
MINE_02,Dongri Buzurg,Opencast,2024-07,21688.4,14055.7,7632.7,35.19,104.5,407.1,8,88.6,33.52
MINE_03,Tirodi,Opencast,2024-07,17710.9,8469.8,9241.1,52.18,137.7,643.9,8,85.6,35.74
MINE_04,Chikla,Underground,2024-07,15745.5,11529.7,4215.8,26.77,73.5,349.9,11,79.1,35.2
MINE_05,Kandri,Underground,2024-07,14544.6,9812.4,4732.2,32.54,155.2,356.7,8,76.6,34.09
MINE_06,Ukwa,Underground,2024-07,13452.5,9418.7,4033.7,29.98,139.4,289.1,6,80.1,36.17
MINE_07,Munsar,Underground,2024-07,14069.6,9812.4,4257.2,30.26,150.1,175.7,11,84.4,34.86
MINE_08,Gumgaon,Underground,2024-07,10755.5,7476.2,3279.3,30.49,123.6,271.3,11,85.2,34.67
MINE_09,Beldongri,Underground,2024-07,8778.2,6031.8,2746.4,31.29,68.7,267.3,6,78.8,34.94
MINE_10,Sitapatore / Sukli,Opencast,2024-07,7042.2,4045.9,2996.3,42.55,62.6,558.1,4,95.9,32.77
MINE_01,Balaghat (Bharveli),Underground,2024-08,25107.2,19630.0,5477.2,21.82,107.5,311.1,9,89.1,33.82
MINE_02,Dongri Buzurg,Opencast,2024-08,21424.5,11052.5,10372.0,48.41,126.0,522.8,5,78.6,35.99
MINE_03,Tirodi,Opencast,2024-08,17424.3,11060.2,6364.1,36.52,102.4,473.5,4,89.3,33.63
MINE_04,Chikla,Underground,2024-08,15723.5,11404.5,4318.9,27.47,173.8,248.5,8,88.1,34.56
MINE_05,Kandri,Underground,2024-08,16250.2,11917.6,4332.6,26.66,166.6,166.2,7,80.0,35.86
MINE_06,Ukwa,Underground,2024-08,14338.7,10854.0,3484.6,24.3,94.7,232.3,10,92.0,33.08
MINE_07,Munsar,Underground,2024-08,12971.8,10354.4,2617.4,20.18,107.3,259.9,4,83.6,33.06
MINE_08,Gumgaon,Underground,2024-08,10996.3,7535.8,3460.5,31.47,86.2,264.1,10,85.4,34.42
MINE_09,Beldongri,Underground,2024-08,8293.7,6991.3,1302.4,15.7,99.3,307.9,4,95.8,33.86
MINE_10,Sitapatore / Sukli,Opencast,2024-08,7533.2,4103.4,3429.8,45.53,75.1,417.1,10,88.0,34.14
MINE_01,Balaghat (Bharveli),Underground,2024-09,25276.1,18125.6,7150.5,28.29,155.1,292.2,9,92.0,34.18
MINE_02,Dongri Buzurg,Opencast,2024-09,21898.4,12028.0,9870.4,45.07,114.5,574.1,8,86.0,35.92
MINE_03,Tirodi,Opencast,2024-09,17856.4,9901.4,7954.9,44.55,149.0,492.1,7,87.2,32.83
MINE_04,Chikla,Underground,2024-09,17080.0,13857.2,3222.8,18.87,98.2,361.4,5,93.2,34.38
MINE_05,Kandri,Underground,2024-09,14810.6,12004.1,2806.5,18.95,105.1,311.5,4,91.5,32.54
MINE_06,Ukwa,Underground,2024-09,14421.2,10394.5,4026.7,27.92,136.3,235.0,11,93.6,33.23
MINE_07,Munsar,Underground,2024-09,12968.1,9687.0,3281.2,25.3,141.7,270.9,7,89.2,34.62
MINE_08,Gumgaon,Underground,2024-09,10968.2,8187.9,2780.4,25.35,144.7,255.7,6,87.4,32.95
MINE_09,Beldongri,Underground,2024-09,9418.5,6180.5,3238.0,34.38,153.7,366.3,6,86.0,36.01
MINE_10,Sitapatore / Sukli,Opencast,2024-09,7705.9,4952.9,2753.0,35.73,69.9,394.6,4,92.1,33.26
MINE_01,Balaghat (Bharveli),Underground,2024-10,24235.0,22546.1,1688.9,6.97,36.5,48.0,2,87.2,32.76
MINE_02,Dongri Buzurg,Opencast,2024-10,21687.0,19621.0,2066.0,9.53,54.7,20.4,0,77.5,34.91
MINE_03,Tirodi,Opencast,2024-10,18184.6,16322.0,1862.6,10.24,26.3,47.3,1,72.3,34.72
MINE_04,Chikla,Underground,2024-10,15427.5,14394.4,1033.1,6.7,29.7,43.7,0,70.3,34.45
MINE_05,Kandri,Underground,2024-10,15257.8,13049.1,2208.7,14.48,62.3,29.8,1,70.8,35.42
MINE_06,Ukwa,Underground,2024-10,13839.9,12885.5,954.4,6.9,25.4,23.0,0,73.2,34.52
MINE_07,Munsar,Underground,2024-10,13479.5,12331.3,1148.2,8.52,46.3,23.1,1,78.4,35.91
MINE_08,Gumgaon,Underground,2024-10,10937.5,9151.5,1786.0,16.33,51.3,46.7,3,87.9,33.08
MINE_09,Beldongri,Underground,2024-10,8355.1,7209.1,1146.0,13.72,55.3,2.8,3,70.1,33.12
MINE_10,Sitapatore / Sukli,Opencast,2024-10,7629.0,6783.6,845.3,11.08,47.0,11.1,3,76.9,33.81
MINE_01,Balaghat (Bharveli),Underground,2024-11,25624.8,23657.2,1967.6,7.68,67.4,33.0,1,87.5,33.4
MINE_02,Dongri Buzurg,Opencast,2024-11,22466.3,20579.7,1886.6,8.4,49.5,11.7,2,80.5,37.83
MINE_03,Tirodi,Opencast,2024-11,18215.9,17540.0,675.9,3.71,21.6,17.1,3,82.2,35.62
MINE_04,Chikla,Underground,2024-11,15448.3,13608.8,1839.4,11.91,67.6,47.2,1,74.4,31.78
MINE_05,Kandri,Underground,2024-11,15275.5,14161.3,1114.2,7.29,28.2,9.8,3,80.5,33.52
MINE_06,Ukwa,Underground,2024-11,14107.8,11953.3,2154.5,15.27,61.7,29.3,3,73.4,34.3
MINE_07,Munsar,Underground,2024-11,13070.4,11878.9,1191.5,9.12,60.3,47.6,0,71.8,35.38
MINE_08,Gumgaon,Underground,2024-11,10829.7,9912.0,917.7,8.47,15.7,32.9,3,90.5,33.24
MINE_09,Beldongri,Underground,2024-11,9314.3,8535.7,778.6,8.36,39.2,1.0,1,90.1,35.3
MINE_10,Sitapatore / Sukli,Opencast,2024-11,7687.4,7389.4,298.1,3.88,28.0,16.6,0,80.1,34.1
MINE_01,Balaghat (Bharveli),Underground,2024-12,24626.6,22161.3,2465.3,10.01,61.3,24.7,2,76.6,34.2
MINE_02,Dongri Buzurg,Opencast,2024-12,22276.4,19857.6,2418.9,10.86,61.3,21.9,1,75.2,34.17
MINE_03,Tirodi,Opencast,2024-12,18393.8,17326.1,1067.8,5.81,17.7,27.0,2,83.9,31.85
MINE_04,Chikla,Underground,2024-12,16118.5,14618.5,1500.0,9.31,34.0,26.7,2,80.0,34.9
MINE_05,Kandri,Underground,2024-12,15808.2,14997.4,810.8,5.13,25.4,24.0,3,85.7,34.95
MINE_06,Ukwa,Underground,2024-12,13663.3,12538.2,1125.1,8.23,55.3,3.9,2,80.8,35.41
MINE_07,Munsar,Underground,2024-12,12503.0,11259.3,1243.7,9.95,68.8,26.0,1,82.7,34.68
MINE_08,Gumgaon,Underground,2024-12,11010.0,9899.2,1110.7,10.09,38.5,36.5,2,91.0,34.81
MINE_09,Beldongri,Underground,2024-12,8920.3,8646.6,273.7,3.07,24.9,32.3,2,95.9,33.08
MINE_10,Sitapatore / Sukli,Opencast,2024-12,7136.1,5708.4,1427.7,20.01,62.2,20.5,2,81.4,33.25
